frame,TP,FP,FN,TN
1,8,1,0,1
2,3,0,0,0
3,2,0,0,0
4,4,0,0,0
5,1,0,1,1
6,2,0,0,0
7,6,0,1,0
8,5,0,0,0
9,0,7,0,4
10,9,5,3,5
11,7,0,8,3
12,8,5,8,7
13,5,5,7,7
14,0,7,6,3
15,0,7,8,0
16,3,5,0,0
17,2,8,6,6
18,6,9,7,4
19,0,9,1,3
20,2,0,0,1
21,8,6,1,3
22,1,7,8,3
23,6,6,3,7
24,4,3,4,9
25,6,2,4,9
26,5,1,8,0
27,6,7,7,9
28,1,2,0,5
29,9,9,6,3
30,4,6,9,2
31,0,5,2,3
32,9,2,3,6
33,5,8,9,6
34,8,2,9,2
35,2,3,2,6
36,8,2,6,8
37,4,4,1,6
38,1,2,6,4
39,1,4,3,6
40,7,7,6,7
41,3,2,6,2
42,0,2,6,1
43,7,6,0,2
44,6,7,3,9
45,6,6,7,5
46,9,3,8,1
47,2,6,8,7
48,5,8,8,2
49,3,4,6,2
50,2,6,3,1
51,8,8,8,0
52,6,5,0,4
53,7,8,8,0
54,7,3,7,4
55,3,7,2,7
56,9,4,8,8
57,5,6,2,0
58,4,7,8,3
59,3,1,9,2
60,3,7,5,7
61,1,2,4,6
62,2,2,9,3
63,1,8,9,9
64,3,5,8,7
65,1,9,3,2
66,1,5,7,1
67,4,2,9,9
68,3,4,1,4
69,2,6,5,1
70,1,6,8,3
71,3,2,4,8
72,8,1,6,8
73,3,3,4,5
74,6,3,8,7
75,3,5,0,1
76,6,7,0,9
77,7,0,0,6
78,5,7,0,8
79,4,9,6,8
80,6,8,6,5
81,3,7,5,5
82,6,9,4,9
83,8,7,1,5
84,0,0,9,9
85,5,6,6,8
86,8,3,3,6
87,7,2,1,2
88,2,4,4,9
89,3,0,1,0
90,3,9,7,1
91,7,1,8,6
92,1,2,5,9
93,2,0,9,4
94,6,5,9,2
95,2,0,3,9
96,9,0,6,9
97,3,2,5,0
98,2,2,1,2
99,9,4,6,0
100,5,6,9,2
101,2,6,7,1
102,7,0,7,7
103,6,9,5,2
104,8,4,4,4
105,5,1,2,3
106,7,4,3,7
107,8,1,5,3
108,9,3,6,6
109,3,5,2,7
110,4,8,0,9
111,8,4,3,8
112,6,2,2,9
113,6,2,0,1
114,2,6,8,1
115,6,7,5,9
116,7,3,0,1
117,6,5,6,3
118,6,2,7,0
119,4,0,6,4
120,8,6,6,1
121,4,4,1,1
122,1,2,4,5
123,9,7,7,6
124,1,2,9,2
125,2,7,6,5
126,3,0,6,7
127,4,5,1,5
128,4,7,2,9
129,8,5,2,7
130,5,0,2,1
131,7,0,5,1
132,5,3,2,0
133,5,0,4,1
134,3,0,1,5
135,0,0,5,1
136,3,0,6,8
137,4,0,7,8
138,1,0,1,7
139,6,0,0,5
140,2,0,3,1
141,7,0,8,1
142,3,0,5,7
143,5,0,2,7
144,6,0,5,2
145,1,0,1,8
146,0,0,8,5
147,3,0,1,4
148,7,0,4,7
149,2,0,2,2
150,3,0,1,9
151,2,0,9,3
152,2,0,4,9
153,2,0,2,5
154,9,0,3,4
155,6,0,3,9
156,8,0,6,3
157,1,0,2,3
158,6,0,2,9
159,2,0,3,5
160,5,0,3,3
161,0,0,1,7
162,7,0,4,7
163,8,0,9,9
164,7,0,0,9
165,4,0,5,5
166,2,0,6,6
167,1,0,8,1
168,7,0,7,7
169,2,0,6,1
170,4,0,4,5
171,0,0,2,0
172,9,0,9,2
173,6,0,4,7
174,4,0,2,0
175,9,0,5,8
176,5,0,7,8
177,8,0,5,5
178,1,0,3,5
179,8,0,7,2
180,9,0,1,5
181,2,0,8,2
182,0,0,6,9
183,0,0,9,9
184,9,0,3,7
185,0,0,9,6
186,1,0,3,0
187,1,0,8,3
188,7,0,0,4
189,8,0,7,3
190,3,0,8,4
191,7,0,9,6
192,5,0,6,6
193,7,0,6,8
194,7,0,0,5
195,6,0,9,9
196,3,0,4,1
197,9,0,4,8
198,2,0,0,4
199,7,0,4,7
200,1,0,5,3
201,5,0,4,4
202,8,0,9,8
203,9,0,5,8
204,3,0,6,7
205,7,0,1,5
206,6,0,4,9
207,5,0,2,4
208,0,0,2,1
209,2,0,6,0
210,7,0,7,2
211,6,0,7,3
212,6,0,4,6
213,4,0,8,8
214,4,0,4,6
215,1,0,6,8
216,0,0,4,6
217,5,0,9,1
218,5,0,5,5
219,0,0,3,9
220,1,0,7,7
221,3,0,5,8
222,1,0,2,5
223,4,0,8,0
224,8,0,2,7
225,5,0,5,5
226,1,0,3,1
227,4,0,2,6
228,2,0,2,0
229,9,0,8,8
230,4,0,4,0
231,5,0,9,0
232,1,0,9,6
233,0,0,8,4
234,3,0,6,3
235,7,0,6,9
236,4,0,7,6
237,9,0,6,5
238,8,0,4,7
239,4,0,9,8
240,4,0,8,2
241,7,0,4,2
242,3,0,1,3
243,2,0,0,4
244,3,0,2,7
245,1,0,5,4
246,0,0,9,8
247,3,0,4,4
248,8,0,5,3
249,3,0,3,3
250,4,0,5,3
251,9,0,1,3
252,5,0,6,4
253,1,0,2,2
254,5,0,9,9
255,5,0,4,6
256,8,0,9,3
257,8,0,0,9
258,0,0,4,9
259,5,0,6,9
260,5,0,6,3
261,0,0,4,8
262,1,0,4,4
263,8,0,8,0
264,9,0,3,2
265,5,0,7,9
266,3,0,5,6
267,2,0,9,7
268,6,0,8,4
269,4,0,1,1
270,0,0,2,3
271,8,0,3,1
272,5,0,2,9
273,6,0,2,2
274,5,0,3,2
275,0,0,8,1
276,4,0,0,2
277,2,0,2,5
278,4,0,4,4
279,8,0,6,7
280,3,0,1,5
281,6,0,9,7
282,5,0,1,7
283,6,0,4,2
284,5,0,8,2
285,5,0,2,5
286,3,0,7,2
287,3,0,2,8
288,9,0,5,2
289,9,0,2,0
290,0,0,5,3
291,9,0,5,2
292,3,0,5,8
293,1,0,9,6
294,2,0,9,6
295,8,0,8,3
296,3,0,8,0
297,4,0,8,6
298,0,0,9,8
299,8,0,9,7
300,9,0,0,7
301,6,0,3,5
302,6,0,3,4
303,9,0,9,5
304,8,0,0,1
305,0,0,1,1
306,9,0,7,8
307,6,0,8,2
308,1,0,4,3
309,5,0,0,6
310,0,0,5,1
311,2,0,6,6
312,2,0,9,9
313,3,0,4,6
314,7,0,1,8
315,0,0,5,3
316,9,0,6,8
317,0,0,9,4
318,9,0,0,1
319,3,0,0,0
320,9,0,6,7
321,2,0,4,9
322,7,0,4,9
323,0,0,7,3
324,6,0,2,6
325,9,0,6,5
326,4,0,3,8
327,1,0,4,4
328,3,0,0,8
329,7,0,7,8
330,7,0,0,5
331,6,0,5,3
332,6,0,7,0
333,3,0,1,6
334,3,0,4,9
335,4,0,2,3
336,3,0,2,5
337,2,0,7,4
338,6,0,1,5
339,9,0,1,2
340,1,0,3,0
341,7,0,1,4
342,1,0,9,5
343,2,0,9,5
344,1,0,1,0
345,8,0,8,0
346,2,0,1,9
347,2,0,6,2
348,3,0,7,3
349,3,0,5,1
350,2,0,8,0
351,2,0,6,7
352,8,0,7,2
353,1,0,9,8
354,5,0,1,8
355,2,0,4,5
356,9,0,7,3
357,7,0,8,8
358,2,0,2,9
359,4,0,9,2
360,4,0,4,8
361,0,0,8,5
362,3,0,9,6
363,9,0,7,8
364,0,0,1,9
365,6,0,7,7
366,3,0,0,7
367,0,0,6,0
368,4,0,8,7
369,4,0,1,7
370,6,0,3,7
371,7,0,6,6
372,9,0,9,0
373,4,0,6,3
374,7,0,1,1
375,9,0,4,5
376,1,0,1,6
377,7,0,6,7
378,2,0,1,2
379,8,0,7,6
380,4,0,0,0
381,8,0,9,4
382,8,0,2,2
383,6,0,5,7
384,3,0,4,8
385,1,0,6,3
386,8,0,8,4
387,5,0,6,5
388,1,0,3,9
389,2,0,0,0
390,5,0,0,3
391,8,0,3,7
392,9,0,0,0
393,2,0,0,4
394,3,0,4,7
395,2,0,1,4
396,9,0,6,0
397,7,0,6,9
398,2,0,2,8
399,6,0,5,4
400,6,0,2,4
401,0,0,2,8
402,1,0,2,9
403,0,0,0,2
404,3,0,1,0
405,0,0,9,0
406,7,0,9,5
407,1,0,3,8
408,1,0,0,2
409,0,0,0,7
410,4,0,6,8
411,9,0,6,9
412,7,0,6,8
413,2,0,2,1
414,0,0,5,1
415,0,0,3,1
416,7,0,8,5
417,0,0,4,8
418,5,0,1,0
419,7,0,9,1
420,1,0,2,3
421,6,0,9,8
422,4,0,8,3
423,0,0,9,6
424,4,0,8,6
425,7,0,7,3
426,3,0,4,9
427,0,0,5,0
428,7,0,6,7
429,2,0,9,3
430,8,0,4,8
431,6,0,2,9
432,4,0,2,0
433,8,0,0,4
434,9,0,7,0
435,5,0,3,0
436,7,0,2,0
437,7,0,1,5
438,9,0,3,7
439,9,0,8,2
440,2,0,8,6
441,3,0,9,6
442,7,0,3,1
443,9,0,3,9
444,7,0,7,9
445,1,0,6,9
446,1,0,5,6
447,8,0,1,7
448,7,0,0,8
449,8,0,9,9
450,8,0,1,0
451,7,0,1,4
452,4,0,8,3
453,9,0,8,3
454,8,0,5,6
455,1,0,1,2
456,1,0,1,6
457,1,0,2,4
458,5,0,9,4
459,4,0,8,3
460,8,0,9,6
461,3,0,8,6
462,0,0,9,3
463,1,0,1,2
464,0,0,6,8
465,7,0,0,4
466,6,0,1,7
467,7,0,9,9
468,3,0,2,1
469,7,0,4,1
470,8,0,3,4
471,6,0,0,8
472,6,0,1,5
473,3,0,3,0
474,7,0,4,0
475,5,0,5,6
476,2,0,6,0
477,4,0,0,6
478,4,0,3,6
479,6,0,6,4
480,4,0,6,6
481,1,0,1,3
482,1,0,6,3
483,9,0,0,8
484,9,0,4,8
485,6,0,2,8
486,9,0,0,9
487,1,0,2,9
488,6,0,5,1
489,8,0,8,2
490,5,0,4,3
491,8,0,8,2
492,9,0,6,5
493,5,0,4,9
494,7,0,5,1
495,5,0,4,4
496,5,0,5,5
497,8,0,7,0
498,2,0,6,2
499,8,0,1,8
500,2,0,7,5
501,6,0,2,5
502,8,0,8,5
503,7,0,2,8
504,2,0,8,5
505,8,0,2,2
506,5,0,0,6
507,6,0,1,6
508,1,0,8,9
509,8,0,6,7
510,2,0,6,4
511,3,0,2,3
512,1,0,4,5
513,9,0,1,7
514,6,0,1,8
515,7,0,8,1
516,5,0,0,9
517,1,0,9,7
518,1,0,7,7
519,2,0,1,8
520,6,0,0,4
521,4,0,0,8
522,2,0,8,3
523,3,0,7,3
524,9,0,4,0
525,8,0,4,9
526,0,0,8,2
527,8,0,2,4
528,6,0,6,9
529,1,0,1,9
530,8,0,9,1
531,6,0,4,3
532,1,0,8,8
533,1,0,5,7
534,4,0,5,2
535,3,0,3,8
536,9,0,6,7
537,0,0,8,3
538,6,0,4,4
539,2,0,6,8
540,2,0,4,6
541,8,0,2,2
542,5,0,4,0
543,8,0,9,1
544,1,0,8,2
545,8,0,4,1
546,7,0,9,6
547,8,0,4,0
548,7,0,0,0
549,2,0,8,2
550,5,0,2,2
551,8,0,9,2
552,1,0,9,0
553,7,0,3,5
554,2,0,8,1
555,3,0,4,1
556,8,0,8,1
557,5,0,9,0
558,8,0,6,2
559,1,0,9,9
560,4,0,8,7
561,3,0,9,8
562,7,0,7,0
563,1,0,6,9
564,7,0,9,0
565,8,0,8,6
566,7,0,1,1
567,2,0,0,9
568,6,0,1,8
569,3,0,8,8
570,0,0,5,1
571,2,0,7,8
572,5,0,7,5
573,0,0,7,2
574,4,0,5,1
575,6,0,4,5
576,9,0,5,7
577,1,0,5,7
578,4,0,1,3
579,0,0,8,6
580,8,0,8,4
581,0,0,0,6
582,1,0,0,4
583,2,0,1,3
584,1,0,5,0
585,3,0,3,4
586,3,0,7,7
587,1,0,2,9
588,0,0,3,5
589,4,0,3,7
590,1,0,5,4
591,8,0,8,9
592,7,0,2,5
593,3,0,8,8
594,6,0,5,1
595,1,0,7,0
596,3,0,5,7
597,6,0,7,7
598,8,0,9,0
599,4,0,5,3
600,7,0,1,5
601,2,0,5,8
602,4,0,3,2
603,8,0,8,6
604,9,0,6,7
605,2,0,5,4
606,2,0,8,0
607,3,0,5,4
608,4,0,4,2
609,4,0,8,7
610,5,0,5,6
611,3,0,0,6
612,7,0,2,4
613,9,0,6,2
614,6,0,8,2
615,0,0,4,8
616,7,0,1,8
617,0,0,9,7
618,2,0,1,8
619,3,0,5,8
620,9,0,0,8
621,6,0,1,7
622,4,0,1,3
623,6,0,5,1
624,4,0,5,2
625,8,0,9,1
626,6,0,2,3
627,5,0,4,1
628,5,0,1,2
629,5,0,4,6
630,9,0,8,7
631,8,0,6,4
632,3,0,4,1
633,6,0,7,2
634,5,0,8,2
635,0,0,7,3
636,0,0,3,2
637,8,0,9,2
638,1,0,6,9
639,1,0,4,2
640,8,0,0,2
641,5,0,4,3
642,2,0,9,6
643,7,0,0,9
644,4,0,6,4
645,8,0,0,4
646,3,0,0,6
647,0,0,1,8
648,7,0,6,1
649,5,0,9,4
650,8,0,0,6
651,6,0,5,1
652,1,0,8,0
653,8,0,3,6
654,9,0,9,5
655,9,0,0,4
656,6,0,7,0
657,0,0,7,5
658,7,0,5,4
659,9,0,5,7
660,3,0,1,3
661,0,0,1,2
662,8,0,6,3
663,4,0,3,1
664,2,0,2,9
665,0,0,5,0
666,3,0,3,0
667,8,0,3,9
668,1,0,8,2
669,6,0,4,2
670,4,0,0,9
671,9,0,0,1
672,6,0,0,3
673,7,0,0,7
674,2,0,0,3
675,9,0,0,2
676,6,0,0,7
677,6,0,0,8
678,8,0,0,0
679,2,0,0,7
680,7,0,0,6
681,3,0,0,1
682,1,0,0,9
683,8,0,0,2
684,9,0,0,2
685,6,0,0,3
686,5,0,0,2
687,7,0,0,7
688,0,0,0,7
689,0,0,0,8
690,1,0,0,9
691,9,0,0,6
692,4,0,0,2
693,9,0,0,0
694,2,0,0,3
695,6,0,0,3
696,2,0,0,8
697,3,0,0,9
698,1,0,0,5
699,9,0,0,5
700,7,0,0,7
701,7,0,0,4
702,0,0,0,9
703,7,0,0,7
704,8,0,0,4
705,2,0,0,9
706,5,0,0,8
707,2,0,0,6
708,0,0,0,6
709,3,0,0,5
710,3,0,0,3
711,6,0,0,8
712,0,0,0,7
713,8,0,0,3
714,6,0,0,3
715,1,0,0,3
716,8,0,0,9
717,9,0,0,6
718,8,0,0,2
719,0,0,0,6
720,4,0,0,6
721,5,0,0,2
722,0,0,0,4
723,2,0,0,2
724,9,0,0,3
725,6,0,0,6
726,7,0,0,5
727,4,0,0,9
728,3,0,0,7
729,8,0,0,9
730,6,0,0,1
731,1,0,0,8
732,0,0,0,0
733,7,0,0,6
734,3,0,0,1
735,6,0,0,9
736,0,0,0,9
737,1,0,0,0
738,9,0,0,9
739,5,0,0,7
740,1,0,0,0
741,9,0,0,8
742,6,0,0,6
743,2,0,0,8
744,8,0,0,5
745,6,0,0,9
746,7,0,0,6
747,9,0,0,6
748,1,0,0,9
749,6,0,0,2
750,6,0,0,7
751,9,0,0,7
752,1,0,0,3
753,8,0,0,2
754,9,0,0,0
755,5,0,0,9
756,2,0,0,7
757,8,0,0,3
758,0,0,0,3
759,5,0,0,5
760,4,0,0,2
761,5,0,0,6
762,1,0,0,7
763,4,0,0,3
764,3,0,0,0
765,0,0,0,4
766,6,0,0,9
767,7,0,0,2
768,5,0,0,1
769,9,0,0,6
770,2,0,0,4
771,9,0,0,9
772,5,0,0,5
773,4,0,0,7
774,7,0,0,8
775,6,0,0,9
776,2,0,0,0
777,8,0,0,9
778,8,0,0,7
779,1,0,0,3
780,1,0,0,8
781,2,0,0,1
782,9,0,0,9
783,1,0,0,3
784,8,0,0,4
785,0,0,0,9
786,6,0,0,9
787,4,0,0,3
788,2,0,0,5
789,5,0,0,4
790,4,0,0,5
791,4,0,0,5
792,3,0,0,8
793,5,0,0,4
794,5,0,0,6
795,1,0,0,0
796,5,0,0,4
797,7,0,0,7
798,1,0,0,0
799,6,0,0,5
800,3,0,0,3
801,1,0,0,3
802,0,0,0,4
803,1,0,0,0
804,6,0,0,2
805,7,0,0,2
806,2,0,0,3
807,8,0,0,1
808,0,0,0,8
809,3,0,0,3
810,4,0,0,7
811,3,0,0,7
812,0,0,0,1
813,0,0,0,7
814,8,0,0,1
815,9,0,0,1
816,1,0,0,7
817,1,0,0,3
818,5,0,0,2
819,7,0,0,0
820,5,0,0,6
821,3,0,0,0
822,1,0,0,0
823,2,0,0,5
824,7,0,0,6
825,6,0,0,1
826,6,0,0,2
827,3,0,0,5
828,2,0,0,7
829,8,0,0,2
830,6,0,0,4
831,0,0,0,9
832,4,0,0,0
833,2,0,0,3
834,0,0,0,3
835,2,0,0,8
836,6,0,0,0
837,9,0,0,9
838,2,0,0,7
839,5,0,0,9
840,4,0,0,3
841,9,0,0,3
842,2,0,0,6
843,1,0,0,1
844,5,0,0,3
845,7,0,0,1
846,5,0,0,6
847,7,0,0,8
848,8,0,0,0
849,5,0,0,1
850,5,0,0,5
851,1,0,0,4
852,0,0,0,3
853,7,0,0,9
854,5,0,0,4
855,0,0,0,9
856,3,0,0,2
857,0,0,0,8
858,5,0,0,4
859,6,0,0,2
860,0,0,0,8
861,4,0,0,8
862,0,0,0,6
863,2,0,0,1
864,2,0,0,2
865,6,0,0,5
866,9,0,0,1
867,5,0,0,6
868,7,0,0,2
869,6,0,0,6
870,8,0,0,0
871,2,0,0,5
872,9,0,0,7
873,8,0,0,8
874,9,0,0,6
875,4,0,0,3
876,3,0,0,8
877,4,0,0,9
878,1,0,0,3
879,0,0,0,3
880,3,0,0,9
881,1,0,0,6
882,2,0,0,1
883,6,0,0,6
884,0,0,0,3
885,6,0,0,7
886,9,0,0,7
887,3,0,0,3
888,8,0,0,4
889,4,0,0,3
890,1,0,0,7
891,6,0,0,0
892,0,0,0,6
893,1,0,0,2
894,0,0,0,5
895,8,0,0,6
896,0,0,0,8
897,9,0,0,8
898,9,0,0,7
899,4,0,0,0
900,0,0,0,1
901,2,0,0,0
902,7,0,0,9
903,8,0,0,2
904,1,0,0,9
905,8,0,0,9
906,8,0,0,3
907,0,0,0,1
908,1,0,0,0
909,2,0,0,7
910,6,0,0,1
911,1,0,0,2
912,2,0,0,0
913,0,0,0,3
914,8,0,0,5
915,8,0,0,0
916,6,0,0,9
917,1,0,0,4
918,4,0,0,9
919,2,0,0,0
920,7,0,0,3
921,1,0,0,7
922,1,0,0,1
923,4,0,0,7
924,6,0,0,3
925,0,0,0,1
926,5,0,0,8
927,8,0,0,0
928,9,0,0,4
929,5,0,0,1
930,5,0,0,0
931,8,0,0,9
932,5,0,0,0
933,8,0,0,4
934,7,0,0,0
935,9,0,0,3
936,1,0,0,6
937,6,0,0,7
938,5,0,0,8
939,9,0,0,9
940,8,0,0,8
941,4,0,0,2
942,5,0,0,4
943,5,0,0,5
944,8,0,0,0
945,1,0,0,8
946,8,0,0,2
947,3,0,0,5
948,5,0,0,3
949,5,0,0,2
950,7,0,0,3
951,9,0,0,7
952,5,0,0,8
953,3,0,0,2
954,3,0,0,8
955,8,0,0,2
956,9,0,0,1
957,6,0,0,6
958,8,0,0,5
959,3,0,0,7
960,7,0,0,0
961,2,0,0,3
962,0,0,0,7
963,8,0,0,8
964,8,0,0,1
965,9,0,0,5
966,7,0,0,8
967,3,0,0,2
968,4,0,0,6
969,6,0,0,8
970,0,0,0,1
971,7,0,0,9
972,8,0,0,6
973,3,0,0,5
974,4,0,0,8
975,6,0,0,7
976,5,0,0,9
977,2,0,0,1
978,7,0,0,9
979,5,0,0,3
980,6,0,0,2
981,5,0,0,8
982,7,0,0,6
983,3,0,0,1
984,4,0,0,4
985,1,0,0,3
986,8,0,0,9
987,5,0,0,8
988,4,0,0,8
989,3,0,0,9
990,6,0,0,8
991,7,0,0,5
992,0,0,0,9
993,8,0,0,3
994,9,0,0,3
995,0,0,0,1
996,9,0,0,7
997,7,0,0,8
998,1,0,0,8
999,2,0,0,0
1000,0,0,0,5
1001,7,0,0,0
1002,2,0,0,8
1003,2,0,0,9
1004,9,0,0,3
1005,5,0,0,7
1006,1,0,0,9
1007,1,0,0,7
1008,7,0,0,7
1009,1,0,0,7
1010,5,0,0,5
1011,7,0,0,9
1012,2,0,0,0
1013,0,0,0,1
1014,6,0,0,2
1015,1,0,0,4
1016,2,0,0,6
1017,0,0,0,8
1018,6,0,0,5
1019,4,0,0,8
1020,3,0,0,6
1021,5,0,0,5
1022,8,0,0,7
1023,3,0,0,6
1024,3,0,0,5
1025,5,0,0,7
1026,4,0,0,4
1027,5,0,0,2
1028,9,0,0,9
1029,3,0,0,4
1030,3,0,0,4
1031,5,0,0,7
1032,2,0,0,8
1033,0,0,0,0
1034,0,0,0,5
1035,6,0,0,7
1036,2,0,0,9
1037,2,0,0,3
1038,1,0,0,6
1039,3,0,0,1
1040,5,0,0,2
1041,5,0,0,9
1042,5,0,0,6
1043,6,0,0,8
1044,7,0,0,2
1045,9,0,0,2
1046,0,0,0,9
1047,6,0,0,1
1048,2,0,0,6
1049,8,0,0,6
1050,1,0,0,4
1051,1,0,0,5
1052,8,0,0,4
1053,7,0,0,1
1054,4,0,0,1
1055,9,0,0,0
1056,3,0,0,3
1057,0,0,0,1
1058,2,0,0,8
1059,9,0,0,8
1060,2,0,0,8
1061,1,0,0,8
1062,8,0,0,4
1063,3,0,0,6
1064,7,0,0,5
1065,9,0,0,3
1066,6,0,0,8
1067,5,0,0,2
1068,7,0,0,6
1069,7,0,0,1
1070,7,0,0,1
1071,5,0,0,5
1072,4,0,0,7
1073,0,0,0,8
1074,4,0,0,7
1075,8,0,0,0
1076,2,0,0,0
1077,3,0,0,0
1078,3,0,0,3
1079,2,0,0,3
1080,7,0,0,8
1081,1,0,0,5
1082,0,0,0,1
1083,8,0,0,0
1084,3,0,0,1
1085,1,0,0,7
1086,1,0,0,1
1087,8,0,0,2
1088,7,0,0,5
1089,3,0,0,3
1090,1,0,0,3
1091,6,0,0,6
1092,3,0,0,2
1093,8,0,0,7
1094,5,0,0,1
1095,6,0,0,6
1096,8,0,0,7
1097,7,0,0,7
1098,7,0,0,9
1099,6,0,0,4
1100,7,0,0,3
1101,6,0,0,3
1102,3,0,0,9
1103,7,0,0,1
1104,6,0,0,9
1105,2,0,0,6
1106,6,0,0,7
1107,4,0,0,9
1108,0,0,0,8
1109,3,0,0,1
1110,0,0,0,9
1111,5,0,0,2
1112,9,0,0,7
1113,4,0,0,9
1114,2,0,0,0
1115,8,0,0,7
1116,0,0,0,5
1117,8,0,0,3
1118,5,0,0,1
1119,2,0,0,9
1120,5,0,0,9
1121,9,0,0,3
1122,3,0,0,9
1123,1,0,0,0
1124,5,0,0,8
1125,6,0,0,8
1126,5,0,0,9
1127,2,0,0,9
1128,2,0,0,0
1129,5,0,0,2
1130,4,0,0,8
1131,6,0,0,4
1132,6,0,0,6
1133,3,0,0,3
1134,1,0,0,3
1135,7,0,0,1
1136,0,0,0,3
1137,1,0,0,1
1138,1,0,0,1
1139,6,0,0,8
1140,5,0,0,4
1141,4,0,0,8
1142,1,0,0,8
1143,7,0,0,8
1144,9,0,0,5
1145,4,0,0,5
1146,1,0,0,5
1147,1,0,0,0
1148,1,0,0,0
1149,9,0,0,3
1150,1,0,0,2
1151,8,0,0,6
1152,5,0,0,9
1153,4,0,0,2
1154,2,0,0,1
1155,1,0,0,3
1156,3,0,0,5
1157,1,0,0,6
1158,1,0,0,0
1159,9,0,0,3
1160,5,0,0,5
1161,3,0,0,6
1162,8,0,0,4
1163,1,0,0,5
1164,4,0,0,7
1165,9,0,0,8
1166,4,0,0,9
1167,9,0,0,0
1168,2,0,0,7
1169,8,0,0,5
1170,4,0,0,0
1171,1,0,0,6
1172,8,0,0,5
1173,4,0,0,5
1174,7,0,0,1
1175,4,0,0,2
1176,2,0,0,8
1177,2,0,0,7
1178,1,0,0,0
1179,8,0,0,4
1180,1,0,0,0
1181,2,0,0,5
1182,9,0,0,1
1183,9,0,0,9
1184,4,0,0,2
1185,5,0,0,2
1186,5,0,0,4
1187,4,0,0,3
1188,4,0,0,9
1189,9,0,0,8
1190,8,0,0,6
1191,7,0,0,5
1192,4,0,0,0
1193,1,0,0,2
1194,1,0,0,6
1195,4,0,0,7
1196,6,0,0,7
1197,8,0,0,5
1198,8,0,0,2
1199,6,0,0,0
1200,3,0,0,8
1201,5,0,0,9
1202,8,0,0,5
1203,4,0,0,5
1204,0,0,0,8
1205,6,0,0,4
1206,3,0,0,0
1207,5,0,0,7
1208,0,0,0,6
1209,7,0,0,4
1210,3,0,0,6
1211,6,0,0,8
1212,8,0,0,0
1213,5,0,0,7
1214,6,0,0,9
1215,0,0,0,5
1216,6,0,0,2
1217,1,0,0,3
1218,9,0,0,0
1219,1,0,0,3
1220,8,0,0,3
1221,4,0,0,1
1222,5,0,0,9
1223,5,0,0,9
1224,5,0,0,4
1225,6,0,0,1
1226,1,0,0,4
1227,7,0,0,1
1228,7,0,0,3
1229,1,0,0,2
1230,0,0,0,6
1231,5,0,0,9
1232,5,0,0,8
1233,7,0,0,1
1234,1,0,0,5
1235,4,0,0,6
1236,7,0,0,4
1237,7,0,0,4
1238,7,0,0,1
1239,8,0,0,3
1240,4,0,0,0
1241,8,0,0,3
1242,2,0,0,6
1243,1,0,0,5
1244,9,0,0,4
1245,0,0,0,6
1246,6,0,0,2
1247,8,0,0,1
1248,9,0,0,1
1249,3,0,0,5
1250,2,0,0,0
1251,9,0,0,3
1252,3,0,0,5
1253,9,0,0,8
1254,4,0,0,5
1255,1,0,0,9
1256,1,0,0,8
1257,1,0,0,0
1258,9,0,0,4
1259,5,0,0,0
1260,6,0,0,8
1261,3,0,0,2
1262,6,0,0,4
1263,2,0,0,2
1264,5,0,0,5
1265,1,0,0,9
1266,5,0,0,8
1267,6,0,0,7
1268,6,0,0,6
1269,0,0,0,9
1270,2,0,0,5
1271,7,0,0,9
1272,2,0,0,0
1273,8,0,0,0
1274,5,0,0,3
1275,6,0,0,6
1276,3,0,0,8
1277,9,0,0,1
1278,3,0,0,0
1279,6,0,0,6
1280,7,0,0,2
1281,8,0,0,9
1282,1,0,0,3
1283,7,0,0,0
1284,7,0,0,7
1285,7,0,0,2
1286,6,0,0,3
1287,4,0,0,3
1288,5,0,0,2
1289,1,0,0,4
1290,7,0,0,6
1291,3,0,0,7
1292,7,0,0,8
1293,4,0,0,9
1294,4,0,0,1
1295,7,0,0,8
1296,3,0,0,0
1297,8,0,0,8
1298,7,0,0,4
1299,9,0,0,1
1300,3,0,0,8
1301,2,0,0,3
1302,6,0,0,6
1303,9,0,0,0
1304,0,0,0,4
1305,2,0,0,4
1306,1,0,0,1
1307,1,0,0,8
1308,8,0,0,2
1309,6,0,0,9
1310,9,0,0,3
1311,0,0,0,5
1312,2,0,0,8
1313,0,0,0,1
1314,7,0,0,4
1315,8,0,0,3
1316,1,0,0,7
1317,2,0,0,2
1318,5,0,0,2
1319,0,0,0,7
1320,3,0,0,5
1321,1,0,0,2
1322,5,0,0,1
1323,1,0,0,4
1324,1,0,0,5
1325,8,0,0,5
1326,5,0,0,7
1327,1,0,0,5
1328,0,0,0,4
1329,7,0,0,5
1330,0,0,0,9
1331,4,0,0,0
1332,6,0,0,2
1333,3,0,0,4
1334,2,0,0,0
1335,2,0,0,7
1336,1,0,0,5
1337,9,0,0,6
1338,8,0,0,4
1339,5,0,0,8
1340,2,0,0,3
1341,5,0,0,7
1342,9,0,0,2
1343,7,0,0,6
1344,5,0,0,1
1345,8,0,0,2
1346,2,0,0,3
1347,7,0,0,8
1348,7,0,0,2
1349,0,0,0,0
1350,8,0,0,6
1351,8,0,0,3
1352,9,0,0,2
1353,4,0,0,8
1354,1,0,0,7
1355,2,0,0,4
1356,9,0,0,2
1357,8,0,0,6
1358,5,0,0,7
1359,1,0,0,3
1360,0,0,0,7
1361,3,0,0,3
1362,5,0,0,7
1363,4,0,0,4
1364,7,0,0,5
1365,2,0,0,9
1366,1,0,0,6
1367,2,0,0,1
1368,6,0,0,7
1369,2,0,0,0
1370,8,0,0,0
1371,0,0,0,6
1372,8,0,0,3
1373,5,0,0,2
1374,4,0,0,0
1375,0,0,0,7
1376,1,0,0,8
1377,0,0,0,3
1378,3,0,0,2
1379,5,0,0,7
1380,3,0,0,5
1381,1,0,0,4
1382,1,0,0,1
1383,5,0,0,7
1384,0,0,0,8
1385,4,0,0,5
1386,6,0,0,5
1387,0,0,0,5
1388,5,0,0,5
1389,7,0,0,8
1390,7,0,0,4
1391,3,0,0,9
1392,2,0,0,7
1393,4,0,0,4
1394,8,0,0,5
1395,6,0,0,0
1396,2,0,0,5
1397,5,0,0,5
1398,1,0,0,2
1399,0,0,0,9
1400,1,0,0,0
1401,8,0,0,2
1402,8,0,0,7
1403,5,0,0,7
1404,8,0,0,1
1405,2,0,0,6
1406,4,0,0,2
1407,1,0,0,4
1408,0,0,0,3
1409,6,0,0,3
1410,3,0,0,8
1411,0,0,0,9
1412,0,0,0,9
1413,5,0,0,5
1414,0,0,0,6
1415,2,0,0,5
1416,8,0,0,5
1417,0,0,0,1
1418,1,0,0,8
1419,1,0,0,5
1420,6,0,0,5
1421,7,0,0,6
1422,6,0,0,2
1423,5,0,0,7
1424,6,0,0,7
1425,1,0,0,6
1426,3,0,0,3
1427,5,0,0,0
1428,0,0,0,0
1429,9,0,0,7
1430,7,0,0,7
1431,0,0,0,1
1432,8,0,0,3
1433,2,0,0,0
1434,1,0,0,5
1435,4,0,0,9
1436,4,0,0,4
1437,9,0,0,1
1438,3,0,0,3
1439,8,0,0,7
1440,1,0,0,5
1441,5,0,0,4
1442,7,0,0,7
1443,2,0,0,4
1444,9,0,0,8
1445,1,0,0,2
1446,0,0,0,4
1447,0,0,0,0
1448,5,0,0,9
1449,1,0,0,1
1450,1,0,0,5
1451,2,0,0,3
1452,8,0,0,3
1453,0,0,0,8
1454,9,0,0,7
1455,9,0,0,4
1456,9,0,0,4
1457,0,0,0,3
1458,3,0,0,3
1459,0,0,0,8
1460,0,0,0,7
1461,1,0,0,6
1462,8,0,0,7
1463,3,0,0,8
1464,8,0,0,5
1465,6,0,0,8
1466,2,0,0,7
1467,6,0,0,7
1468,0,0,0,5
1469,7,0,0,9
1470,0,0,0,5
1471,3,0,0,7
1472,3,0,0,3
1473,0,0,0,3
1474,9,0,0,1
1475,3,0,0,0
1476,5,0,0,4
1477,8,0,0,3
1478,8,0,0,6
1479,1,0,0,2
1480,8,0,0,6
1481,8,0,0,1
1482,0,0,0,4
1483,7,0,0,3
1484,8,0,0,0
1485,7,0,0,1
1486,2,0,0,2
1487,9,0,0,2
1488,8,0,0,7
1489,3,0,0,6
1490,4,0,0,7
1491,0,0,0,6
1492,4,0,0,6
1493,6,0,0,5
1494,8,0,0,8
1495,0,0,0,1
1496,6,0,0,0
1497,7,0,0,3
1498,7,0,0,6
1499,8,0,0,4
1500,2,0,0,8
1501,2,0,0,6
1502,0,0,0,1
1503,7,0,0,4
1504,0,0,0,6
1505,8,0,0,6
1506,4,0,0,2
1507,8,0,0,1
1508,9,0,0,5
1509,7,0,0,0
1510,3,0,0,5
1511,5,0,0,9
1512,9,0,0,4
1513,1,0,0,0
1514,5,0,0,2
1515,1,0,0,4
1516,5,0,0,0
1517,2,0,0,4
1518,1,0,0,9
1519,8,0,0,5
1520,9,0,0,4
1521,6,0,0,1
1522,9,0,0,6
1523,8,0,0,0
1524,4,0,0,0
1525,6,0,0,6
1526,9,0,0,6
1527,8,0,0,8
1528,6,0,0,0
1529,0,0,0,5
1530,5,0,0,4
1531,3,0,0,2
1532,8,0,0,8
1533,4,0,0,2
1534,8,0,0,7
1535,0,0,0,5
1536,0,0,0,4
1537,7,0,0,4
1538,9,0,0,5
1539,9,0,0,8
1540,3,0,0,4
1541,2,0,0,8
1542,4,0,0,7
1543,1,0,0,1
1544,3,0,0,9
1545,9,0,0,8
1546,5,0,0,8
1547,9,0,0,2
1548,9,0,0,9
1549,7,0,0,5
1550,7,0,0,1
1551,0,0,0,9
1552,5,0,0,8
1553,1,0,0,4
1554,3,0,0,3
1555,1,0,0,2
1556,0,0,0,2
1557,6,0,0,5
1558,5,0,0,9
1559,5,0,0,6
1560,3,0,0,2
1561,5,0,0,9
1562,1,0,0,4
1563,8,0,0,1
1564,1,0,0,6
1565,5,0,0,6
1566,9,0,0,0
1567,2,0,0,0
1568,1,0,0,8
1569,8,0,0,3
1570,8,0,0,9
1571,1,0,0,0
1572,7,0,0,8
1573,0,0,0,6
1574,3,0,0,6
1575,0,0,0,7
1576,6,0,0,8
1577,3,0,0,2
1578,3,0,0,1
1579,8,0,0,2
1580,7,0,0,4
1581,9,0,0,7
1582,8,0,0,8
1583,5,0,0,6
1584,6,0,0,0
1585,2,0,0,6
1586,4,0,0,0
1587,5,0,0,0
1588,4,0,0,7
1589,2,0,0,5
1590,5,0,0,9
1591,4,0,0,3
1592,3,0,0,9
1593,5,0,0,1
1594,0,0,0,0
1595,5,0,0,8
1596,8,0,0,2
1597,2,0,0,5
1598,0,0,0,1
1599,8,0,0,7
1600,0,0,0,4
1601,6,0,0,4
1602,7,0,0,1
1603,0,0,0,9
1604,2,0,0,2
1605,7,0,0,1
1606,4,0,0,1
1607,9,0,0,5
1608,2,0,0,5
1609,5,0,0,3
1610,9,0,0,0
1611,4,0,0,5
1612,8,0,0,2
1613,9,0,0,2
1614,9,0,0,1
1615,4,0,0,6
1616,6,0,0,6
1617,9,0,0,4
1618,0,0,0,6
1619,2,0,0,2
1620,5,0,0,0
1621,3,0,0,6
1622,8,0,0,5
1623,0,0,0,3
1624,6,0,0,9
1625,0,0,0,7
1626,1,0,0,1
1627,7,0,0,6
1628,2,0,0,9
1629,1,0,0,4
1630,0,0,0,0
1631,6,0,0,5
1632,4,0,0,6
1633,0,0,0,0
1634,8,0,0,6
1635,4,0,0,9
1636,2,0,0,5
1637,1,0,0,2
1638,0,0,0,0
1639,2,0,0,1
1640,3,0,0,0
1641,1,0,0,2
1642,0,0,0,8
1643,0,0,0,0
1644,8,0,0,3
1645,0,0,0,4
1646,7,0,0,7
1647,2,0,0,9
1648,5,0,0,7
1649,0,0,0,3
1650,1,0,0,6
1651,1,0,0,9
1652,5,0,0,0
1653,8,0,0,7
1654,9,0,0,5
1655,6,0,0,7
1656,5,0,0,1
1657,5,0,0,6
1658,5,0,0,4
1659,9,0,0,2
1660,9,0,0,1
1661,4,0,0,1
1662,4,0,0,5
1663,7,0,0,9
1664,3,0,0,4
1665,6,0,0,4
1666,5,0,0,9
1667,1,0,0,4
1668,9,0,0,0
1669,6,0,0,1
1670,9,0,0,0
1671,1,0,0,3
1672,4,0,0,1
1673,8,0,0,0
1674,4,0,0,8
1675,1,0,0,3
1676,1,0,0,4
1677,2,0,0,0
1678,0,0,0,1
1679,7,0,0,5
1680,6,0,0,6
1681,0,0,0,8
1682,6,0,0,7
1683,7,0,0,2
1684,4,0,0,9
1685,5,0,0,1
1686,9,0,0,7
1687,9,0,0,3
1688,0,0,0,4
1689,0,0,0,1
1690,9,0,0,9
1691,5,0,0,8
1692,0,0,0,0
1693,0,0,0,2
1694,0,0,0,2
1695,0,0,0,8
1696,4,0,0,1
1697,2,0,0,7
1698,7,0,0,8
1699,8,0,0,6
1700,8,0,0,0
1701,4,0,0,7
1702,7,0,0,1
1703,3,0,0,3
1704,4,0,0,9
1705,8,0,0,5
1706,4,0,0,1
1707,3,0,0,6
1708,4,0,0,1
1709,9,0,0,8
1710,9,0,0,0
1711,1,0,0,0
1712,9,0,0,4
1713,5,0,0,7
1714,4,0,0,8
1715,6,0,0,2
1716,0,0,0,8
1717,0,0,0,5
1718,2,0,0,6
1719,9,0,0,7
1720,5,0,0,0
1721,0,0,0,5
1722,9,0,0,4
1723,6,0,0,6
1724,4,0,0,2
1725,6,0,0,5
1726,6,0,0,5
1727,6,0,0,9
1728,7,0,0,7
1729,8,0,0,9
1730,9,0,0,9
1731,1,0,0,4
1732,8,0,0,1
1733,4,0,0,0
1734,3,0,0,0
1735,7,0,0,6
1736,0,0,0,6
1737,8,0,0,1
1738,8,0,0,3
1739,3,0,0,0
1740,3,0,0,8
1741,2,0,0,8
1742,2,0,0,8
1743,0,0,0,8
1744,4,0,0,2
1745,6,0,0,0
1746,5,0,0,7
1747,4,0,0,0
1748,1,0,0,5
1749,9,0,0,4
1750,0,0,0,2
1751,7,0,0,8
1752,4,0,0,0
1753,0,0,0,5
1754,6,0,0,1
1755,0,0,0,6
1756,8,0,0,0
1757,3,0,0,6
1758,9,0,0,9
1759,7,0,0,4
1760,0,0,0,2
1761,6,0,0,9
1762,9,0,0,5
1763,9,0,0,6
1764,5,0,0,0
1765,4,0,0,1
1766,7,0,0,3
1767,4,0,0,2
1768,1,0,0,1
1769,9,0,0,4
1770,1,0,0,6
1771,8,0,0,3
1772,9,0,0,0
1773,0,0,0,9
1774,0,0,0,4
1775,4,0,0,6
1776,2,0,0,1
1777,6,0,0,1
1778,5,0,0,2
1779,3,0,0,0
1780,4,0,0,3
1781,6,0,0,0
1782,9,0,0,4
1783,0,0,0,2
1784,5,0,0,0
1785,6,0,0,1
1786,9,0,0,2
1787,8,0,0,5
1788,0,0,0,8
1789,0,0,0,6
1790,1,0,0,8
1791,5,0,0,8
1792,0,0,0,7
1793,5,0,0,6
1794,2,0,0,6
1795,5,0,0,4
1796,1,0,0,8
1797,2,0,0,8
1798,6,0,0,5
1799,3,0,0,1
1800,4,0,0,5
1801,4,0,0,6
1802,5,0,0,1
1803,4,0,0,9
1804,2,0,0,8
1805,9,0,0,9
1806,7,0,0,6
1807,6,0,0,3
1808,7,0,0,3
1809,4,0,0,5
1810,6,0,0,9
1811,5,0,0,5
1812,3,0,0,2
1813,0,0,0,9
1814,7,0,0,1
1815,3,0,0,5
1816,8,0,0,8
1817,9,0,0,5
1818,2,0,0,1
1819,3,0,0,4
1820,9,0,0,4
1821,6,0,0,8
1822,3,0,0,5
1823,4,0,0,6
1824,6,0,0,7
1825,7,0,0,3
1826,3,0,0,5
1827,9,0,0,5
1828,7,0,0,2
1829,5,0,0,9
1830,1,0,0,8
1831,8,0,0,8
1832,9,0,0,0
1833,1,0,0,9
1834,5,0,0,2
1835,9,0,0,1
1836,2,0,0,5
1837,3,0,0,6
1838,8,0,0,0
1839,0,0,0,6
1840,6,0,0,6
1841,8,0,0,4
1842,1,0,0,1
1843,9,0,0,3
1844,5,0,0,4
1845,4,0,0,7
1846,7,0,0,7
1847,2,0,0,6
1848,4,0,0,4
1849,5,0,0,8
1850,6,0,0,7
1851,1,0,0,3
1852,7,0,0,3
1853,1,0,0,6
1854,9,0,0,0
1855,9,0,0,1
1856,2,0,0,0
1857,4,0,0,9
1858,1,0,0,6
1859,0,0,0,4
1860,3,0,0,1
1861,1,0,0,9
1862,3,0,0,1
1863,5,0,0,5
1864,7,0,0,0
1865,0,0,0,4
1866,7,0,0,1
1867,5,0,0,2
1868,9,0,0,5
1869,5,0,0,6
1870,6,0,0,3
1871,6,0,0,7
1872,7,0,0,5
1873,1,0,0,5
1874,1,0,0,4
1875,0,0,0,6
1876,5,0,0,7
1877,9,0,0,1
1878,7,0,0,8
1879,9,0,0,4
1880,7,0,0,1
1881,4,0,0,2
1882,1,0,0,9
1883,1,0,0,8
1884,7,0,0,3
1885,8,0,0,2
1886,7,0,0,3
1887,0,0,0,4
1888,8,0,0,4
1889,5,0,0,4
1890,7,0,0,3
1891,3,0,0,6
1892,6,0,0,5
1893,9,0,0,9
1894,9,0,0,9
1895,7,0,0,2
1896,8,0,0,5
1897,3,0,0,6
1898,5,0,0,1
1899,8,0,0,1
1900,3,0,0,1
1901,0,0,0,6
1902,8,0,0,1
1903,0,0,0,6
1904,9,0,0,0
1905,5,0,0,4
1906,7,0,0,0
1907,7,0,0,6
1908,4,0,0,2
1909,9,0,0,4
1910,0,0,0,9
1911,2,0,0,6
1912,6,0,0,9
1913,8,0,0,7
1914,9,0,0,6
1915,3,0,0,2
1916,1,0,0,2
1917,8,0,0,6
1918,4,0,0,2
1919,0,0,0,3
1920,1,0,0,5
1921,1,0,0,2
1922,2,0,0,5
1923,6,0,0,7
1924,0,0,0,3
1925,1,0,0,0
1926,4,0,0,5
1927,0,0,0,5
1928,7,0,0,1
1929,1,0,0,6
1930,0,0,0,7
1931,0,0,0,2
1932,8,0,0,0
1933,8,0,0,3
1934,8,0,0,8
1935,1,0,0,4
1936,8,0,0,0
1937,7,0,0,7
1938,5,0,0,0
1939,5,0,0,0
1940,8,0,0,9
1941,1,0,0,6
1942,9,0,0,0
1943,2,0,0,0
1944,0,0,0,1
1945,2,0,0,1
1946,9,0,0,9
1947,4,0,0,1
1948,3,0,0,9
1949,2,0,0,7
1950,5,0,0,8
1951,7,0,0,4
1952,3,0,0,5
1953,4,0,0,7
1954,6,0,0,9
1955,4,0,0,8
1956,3,0,0,5
1957,2,0,0,0
1958,5,0,0,7
1959,5,0,0,8
1960,2,0,0,5
1961,2,0,0,9
1962,0,0,0,0
1963,4,0,0,2
1964,9,0,0,1
1965,7,0,0,5
1966,4,0,0,2
1967,3,0,0,1
1968,7,0,0,3
1969,0,0,0,8
1970,1,0,0,9
1971,5,0,0,7
1972,0,0,0,8
1973,7,0,0,2
1974,4,0,0,5
1975,7,0,0,6
1976,8,0,0,2
1977,1,0,0,0
1978,8,0,0,5
1979,7,0,0,3
1980,3,0,0,2
1981,4,0,0,2
1982,5,0,0,0
1983,2,0,0,5
1984,8,0,0,8
1985,6,0,0,4
1986,3,0,0,8
1987,1,0,0,1
1988,2,0,0,8
1989,6,0,0,4
1990,5,0,0,2
1991,1,0,0,8
1992,1,0,0,8
1993,6,0,0,0
1994,4,0,0,2
1995,0,0,0,4
1996,4,0,0,1
1997,1,0,0,8
1998,0,0,0,8
1999,4,0,0,6
2000,4,0,0,2
2001,1,0,0,6
2002,7,0,0,2
2003,9,0,0,0
2004,8,0,0,9
2005,4,0,0,7
2006,4,0,0,4
2007,8,0,0,9
2008,2,0,0,3
2009,3,0,0,6
2010,3,0,0,6
2011,4,0,0,8
2012,2,0,0,9
2013,5,0,0,5
2014,9,0,0,8
2015,1,0,0,6
2016,2,0,0,5
2017,9,0,0,1
2018,1,0,0,6
2019,6,0,0,3
2020,4,0,0,6
2021,5,0,0,8
2022,7,0,0,8
2023,8,0,0,4
2024,1,0,0,7
2025,0,0,0,4
2026,8,0,0,0
2027,5,0,0,6
2028,9,0,0,5
2029,2,0,0,1
2030,7,0,0,4
2031,3,0,0,7
2032,0,0,0,1
2033,4,0,0,8
2034,9,0,0,4
2035,9,0,0,9
2036,5,0,0,2
2037,9,0,0,2
2038,7,0,0,9
2039,5,0,0,6
2040,8,0,0,6
2041,4,0,0,9
2042,6,0,0,1
2043,0,0,0,1
2044,6,0,0,3
2045,8,0,0,4
2046,7,0,0,0
2047,4,0,0,0
2048,7,0,0,3
2049,6,0,0,4
2050,1,0,0,0
2051,0,0,0,8
2052,3,0,0,4
2053,4,0,0,5
2054,3,0,0,1
2055,4,0,0,9
2056,2,0,0,3
2057,8,0,0,9
2058,3,0,0,5
2059,0,0,0,2
2060,1,0,0,5
2061,3,0,0,7
2062,9,0,0,4
2063,4,0,0,4
2064,6,0,0,8
2065,7,0,0,9
2066,0,0,0,3
2067,2,0,0,5
2068,3,0,0,4
2069,7,0,0,5
2070,0,0,0,0
2071,7,0,0,0
2072,5,0,0,7
2073,8,0,0,6
2074,9,0,0,6
2075,5,0,0,5
2076,0,0,0,5
2077,9,0,0,2
2078,3,0,0,0
2079,3,0,0,6
2080,3,0,0,8
2081,7,0,0,8
2082,2,0,0,6
2083,2,0,0,7
2084,5,0,0,8
2085,4,0,0,3
2086,6,0,0,4
2087,8,0,0,0
2088,3,0,0,3
2089,2,0,0,1
2090,2,0,0,0
2091,0,0,0,3
2092,7,0,0,0
2093,8,0,0,6
2094,6,0,0,1
2095,2,0,0,7
2096,3,0,0,7
2097,0,0,0,4
2098,6,0,0,1
2099,2,0,0,7
2100,9,0,0,6
2101,1,0,0,7
2102,7,0,0,8
2103,2,0,0,6
2104,1,0,0,9
2105,1,0,0,2
2106,7,0,0,3
2107,0,0,0,4
2108,4,0,0,5
2109,3,0,0,5
2110,2,0,0,8
2111,8,0,0,3
2112,2,0,0,9
2113,9,0,0,4
2114,8,0,0,8
2115,5,0,0,1
2116,5,0,0,6
2117,9,0,0,1
2118,3,0,0,8
2119,4,0,0,0
2120,3,0,0,2
2121,6,0,0,6
2122,2,0,0,6
2123,5,0,0,7
2124,1,0,0,4
2125,1,0,0,1
2126,2,0,0,8
2127,9,0,0,6
2128,3,0,0,0
2129,5,0,0,9
2130,1,0,0,4
2131,2,0,0,3
2132,0,0,0,3
2133,4,0,0,8
2134,5,0,0,1
2135,6,0,0,7
2136,6,0,0,9
2137,8,0,0,1
2138,3,0,0,8
2139,9,0,0,8
2140,6,0,0,5
2141,7,0,0,8
2142,1,0,0,6
2143,0,0,0,2
2144,9,0,0,7
2145,6,0,0,3
2146,1,0,0,2
2147,2,0,0,2
2148,4,0,0,6
2149,1,0,0,3
2150,0,0,0,9
2151,4,0,0,9
2152,8,0,0,5
2153,8,0,0,6
2154,3,0,0,0
2155,5,0,0,4
2156,7,0,0,1
2157,5,0,0,6
2158,2,0,0,3
2159,1,0,0,1
2160,2,0,0,0
2161,5,0,0,1
2162,7,0,0,3
2163,6,0,0,7
2164,2,0,0,7
2165,3,0,0,2
2166,4,0,0,8
2167,8,0,0,8
2168,3,0,0,3
2169,8,0,0,5
2170,5,0,0,1
2171,5,0,0,0
2172,6,0,0,1
2173,6,0,0,5
2174,2,0,0,6
2175,6,0,0,8
2176,8,0,0,6
2177,1,0,0,4
2178,3,0,0,4
2179,2,0,0,5
2180,5,0,0,6
2181,1,0,0,2
2182,1,0,0,1
2183,0,0,0,2
2184,8,0,0,5
2185,3,0,0,2
2186,6,0,0,7
2187,2,0,0,9
2188,8,0,0,9
2189,2,0,0,3
2190,5,0,0,0
2191,7,0,0,0
2192,5,0,0,2
2193,3,0,0,7
2194,3,0,0,3
2195,1,0,0,8
2196,2,0,0,7
2197,3,0,0,7
2198,7,0,0,6
2199,3,0,0,5
2200,7,0,0,1
2201,8,0,0,2
2202,0,0,0,6
2203,0,0,0,5
2204,9,0,0,6
2205,1,0,0,3
2206,9,0,0,4
2207,9,0,0,3
2208,2,0,0,5
2209,2,0,0,2
2210,3,0,0,8
2211,9,0,0,7
2212,1,0,0,0
2213,4,0,0,8
2214,1,0,0,5
2215,3,0,0,0
2216,3,0,0,0
2217,1,0,0,9
2218,6,0,0,8
2219,8,0,0,2
2220,1,0,0,9
2221,7,0,0,1
2222,3,0,0,4
2223,8,0,0,0
2224,0,0,0,1
2225,4,0,0,6
2226,8,0,0,8
2227,8,0,0,1
2228,4,0,0,3
2229,6,0,0,0
2230,4,0,0,3
2231,2,0,0,9
2232,1,0,0,4
2233,1,0,0,8
2234,4,0,0,0
2235,2,0,0,6
2236,1,0,0,2
2237,0,0,0,6
2238,8,0,0,6
2239,8,0,0,0
2240,6,0,0,0
2241,5,0,0,3
2242,7,0,0,6
2243,9,0,0,5
2244,5,0,0,6
2245,8,0,0,6
2246,1,0,0,3
2247,9,0,0,2
2248,3,0,0,6
2249,4,0,0,2
2250,8,0,0,0
2251,6,0,0,1
2252,1,0,0,7
2253,5,0,0,8
2254,1,0,0,9
2255,7,0,0,5
2256,5,0,0,0
2257,9,0,0,8
2258,5,0,0,4
2259,8,0,0,9
2260,1,0,0,6
2261,3,0,0,8
2262,5,0,0,9
2263,8,0,0,4
2264,2,0,0,7
2265,1,0,0,4
2266,7,0,0,0
2267,4,0,0,8
2268,0,0,0,5
2269,5,0,0,7
2270,0,0,0,4
2271,3,0,0,4
2272,2,0,0,7
2273,6,0,0,5
2274,9,0,0,2
2275,3,0,0,4
2276,7,0,0,3
2277,5,0,0,2
2278,2,0,0,1
2279,1,0,0,1
2280,7,0,0,8
2281,3,0,0,0
2282,8,0,0,0
2283,6,0,0,9
2284,2,0,0,4
2285,0,0,0,2
2286,5,0,0,3
2287,0,0,0,0
2288,2,0,0,3
2289,8,0,0,4
2290,9,0,0,4
2291,8,0,0,9
2292,0,0,0,8
2293,6,0,0,4
2294,7,0,0,4
2295,6,0,0,9
2296,5,0,0,1
2297,0,0,0,4
2298,1,0,0,3
2299,0,0,0,0
2300,6,0,0,9
2301,1,0,0,4
2302,8,0,0,1
2303,3,0,0,1
2304,6,0,0,7
2305,0,0,0,1
2306,2,0,0,6
2307,1,0,0,8
2308,1,0,0,2
2309,1,0,0,2
2310,7,0,0,0
2311,3,0,0,2
2312,6,0,0,6
2313,6,0,0,0
2314,5,0,0,2
2315,6,0,0,7
2316,7,0,0,7
2317,0,0,0,2
2318,3,0,0,3
2319,0,0,0,1
2320,2,0,0,4
2321,3,0,0,0
2322,0,0,0,2
2323,3,0,0,3
2324,4,0,0,9
2325,4,0,0,2
2326,3,0,0,9
2327,9,0,0,2
2328,5,0,0,7
2329,3,0,0,1
2330,0,0,0,8
2331,8,0,0,5
2332,2,0,0,8
2333,5,0,0,6
2334,6,0,0,8
2335,7,0,0,2
2336,2,0,0,3
2337,7,0,0,8
2338,9,0,0,0
2339,9,0,0,4
2340,1,0,0,9
2341,6,0,0,4
2342,3,0,0,6
2343,0,0,0,7
2344,9,0,0,1
2345,7,0,0,9
2346,1,0,0,5
2347,1,0,0,5
2348,4,0,0,8
2349,0,0,0,7
2350,8,0,0,7
2351,9,0,0,6
2352,6,0,0,2
2353,4,0,0,2
2354,5,0,0,5
2355,3,0,0,0
2356,6,0,0,2
2357,5,0,0,4
2358,9,0,0,8
2359,7,0,0,4
2360,5,0,0,9
2361,4,0,0,5
2362,7,0,0,9
2363,7,0,0,7
2364,1,0,0,0
2365,5,0,0,5
2366,7,0,0,0
2367,1,0,0,3
2368,0,0,0,5
2369,6,0,0,9
2370,2,0,0,8
2371,3,0,0,3
2372,5,0,0,6
2373,4,0,0,5
2374,0,0,0,0
2375,7,0,0,1
2376,0,0,0,6
2377,8,0,0,3
2378,9,0,0,2
2379,9,0,0,7
2380,8,0,0,4
2381,1,0,0,6
2382,2,0,0,0
2383,3,0,0,4
2384,3,0,0,0
2385,4,0,0,9
2386,3,0,0,3
2387,3,0,0,3
2388,4,0,0,2
2389,2,0,0,1
2390,2,0,0,1
2391,4,0,0,9
2392,4,0,0,5
2393,7,0,0,0
2394,1,0,0,5
2395,1,0,0,0
2396,8,0,0,2
2397,0,0,0,7
2398,7,0,0,8
2399,5,0,0,4
2400,9,0,0,1
2401,3,0,0,2
2402,8,0,0,6
2403,4,0,0,9
2404,7,0,0,0
2405,5,0,0,4
2406,2,0,0,9
2407,5,0,0,6
2408,2,0,0,3
2409,5,0,0,6
2410,8,0,0,4
2411,0,0,0,3
2412,1,0,0,0
2413,2,0,0,7
2414,7,0,0,3
2415,9,0,0,4
2416,5,0,0,3
2417,4,0,0,5
2418,6,0,0,3
2419,2,0,0,6
2420,6,0,0,8
2421,1,0,0,7
2422,1,0,0,1
2423,3,0,0,5
2424,6,0,0,3
2425,5,0,0,8
2426,1,0,0,1
2427,6,0,0,1
2428,9,0,0,9
2429,7,0,0,4
2430,0,0,0,5
2431,6,0,0,6
2432,4,0,0,9
2433,8,0,0,6
2434,0,0,0,7
2435,5,0,0,8
2436,6,0,0,2
2437,7,0,0,8
2438,3,0,0,1
2439,2,0,0,4
2440,3,0,0,7
2441,9,0,0,7
2442,9,0,0,0
2443,5,0,0,7
2444,3,0,0,2
2445,2,0,0,6
2446,3,0,0,4
2447,6,0,0,9
2448,9,0,0,2
2449,7,0,0,0
2450,0,0,0,9
2451,1,0,0,8
2452,0,0,0,9
2453,6,0,0,9
2454,8,0,0,0
2455,6,0,0,2
2456,1,0,0,7
2457,9,0,0,4
2458,8,0,0,5
2459,9,0,0,1
2460,5,0,0,6
2461,5,0,0,2
2462,0,0,0,0
2463,4,0,0,4
2464,1,0,0,4
2465,9,0,0,5
2466,3,0,0,5
2467,9,0,0,0
2468,1,0,0,1
2469,5,0,0,7
2470,7,0,0,2
2471,3,0,0,2
2472,8,0,0,6
2473,9,0,0,8
2474,7,0,0,7
2475,7,0,0,5
2476,0,0,0,5
2477,1,0,0,2
2478,2,0,0,7
2479,3,0,0,4
2480,9,0,0,8
2481,2,0,0,1
2482,0,0,0,0
2483,3,0,0,3
2484,2,0,0,1
2485,0,0,0,0
2486,8,0,0,0
2487,1,0,0,6
2488,3,0,0,4
2489,0,0,0,5
2490,5,0,0,3
2491,8,0,0,3
2492,2,0,0,3
2493,9,0,0,9
2494,6,0,0,1
2495,5,0,0,3
2496,4,0,0,3
2497,4,0,0,6
2498,7,0,0,3
2499,6,0,0,9
2500,0,0,0,4
2501,3,0,0,1
2502,6,0,0,5
2503,8,0,0,0
2504,2,0,0,3
2505,1,0,0,7
2506,1,0,0,7
2507,4,0,0,1
2508,6,0,0,1
2509,6,0,0,3
2510,1,0,0,4
2511,3,0,0,8
2512,9,0,0,4
2513,9,0,0,6
2514,4,0,0,3
2515,0,0,0,7
2516,5,0,0,2
2517,4,0,0,5
2518,2,0,0,5
2519,0,0,0,7
2520,4,0,0,6
2521,9,0,0,0
2522,5,0,0,0
2523,1,0,0,3
2524,9,0,0,7
2525,1,0,0,8
2526,5,0,0,5
2527,9,0,0,5
2528,4,0,0,1
2529,9,0,0,0
2530,4,0,0,6
2531,6,0,0,4
2532,0,0,0,8
2533,5,0,0,0
2534,3,0,0,3
2535,5,0,0,9
2536,7,0,0,6
2537,9,0,0,1
2538,0,0,0,5
2539,5,0,0,6
2540,7,0,0,5
2541,4,0,0,8
2542,1,0,0,4
2543,6,0,0,4
2544,3,0,0,2
2545,6,0,0,5
2546,9,0,0,3
2547,0,0,0,0
2548,0,0,0,5
2549,9,0,0,9
2550,3,0,0,5
2551,5,0,0,6
2552,4,0,0,1
2553,1,0,0,2
2554,7,0,0,6
2555,5,0,0,9
2556,0,0,0,8
2557,2,0,0,6
2558,9,0,0,4
2559,0,0,0,9
2560,0,0,0,4
2561,3,0,0,4
2562,4,0,0,4
2563,5,0,0,8
2564,0,0,0,0
2565,1,0,0,0
2566,5,0,0,4
2567,0,0,0,7
2568,1,0,0,6
2569,0,0,0,1
2570,7,0,0,6
2571,9,0,0,0
2572,6,0,0,6
2573,9,0,0,0
2574,5,0,0,6
2575,5,0,0,3
2576,7,0,0,8
2577,7,0,0,3
2578,5,0,0,0
2579,8,0,0,6
2580,1,0,0,2
2581,4,0,0,6
2582,8,0,0,7
2583,2,0,0,8
2584,2,0,0,4
2585,5,0,0,3
2586,5,0,0,0
2587,8,0,0,4
2588,9,0,0,6
2589,0,0,0,5
2590,6,0,0,4
2591,7,0,0,5
2592,4,0,0,1
2593,7,0,0,5
2594,1,0,0,2
2595,4,0,0,2
2596,8,0,0,8
2597,0,0,0,2
2598,6,0,0,5
2599,2,0,0,3
2600,4,0,0,6
2601,4,0,0,8
2602,0,0,0,2
2603,6,0,0,0
2604,1,0,0,5
2605,5,0,0,7
2606,5,0,0,9
2607,2,0,0,3
2608,6,0,0,7
2609,8,0,0,4
2610,6,0,0,8
2611,3,0,0,6
2612,5,0,0,7
2613,1,0,0,7
2614,7,0,0,8
2615,3,0,0,4
2616,4,0,0,0
2617,4,0,0,6
2618,0,0,0,6
2619,9,0,0,7
2620,4,0,0,2
2621,0,0,0,2
2622,4,0,0,3
2623,9,0,0,3
2624,7,0,0,6
2625,5,0,0,5
2626,9,0,0,5
2627,2,0,0,3
2628,2,0,0,3
2629,1,0,0,9
2630,7,0,0,4
2631,4,0,0,0
2632,7,0,0,4
2633,3,0,0,8
2634,1,0,0,2
2635,7,0,0,7
2636,3,0,0,5
2637,5,0,0,0
2638,7,0,0,6
2639,7,0,0,1
2640,9,0,0,3
2641,1,0,0,3
2642,5,0,0,4
2643,2,0,0,8
2644,3,0,0,3
2645,7,0,0,1
2646,3,0,0,4
2647,7,0,0,0
2648,4,0,0,1
2649,1,0,0,0
2650,6,0,0,5
2651,6,0,0,1
2652,2,0,0,4
2653,5,0,0,0
2654,9,0,0,3
2655,3,0,0,2
2656,7,0,0,4
2657,7,0,0,4
2658,3,0,0,7
2659,9,0,0,7
2660,1,0,0,8
2661,9,0,0,0
2662,8,0,0,8
2663,2,0,0,8
2664,9,0,0,1
2665,7,0,0,8
2666,3,0,0,8
2667,0,0,0,6
2668,3,0,0,5
2669,3,0,0,1
2670,3,0,0,4
2671,1,0,0,2
2672,3,0,0,4
2673,1,0,0,9
2674,6,0,0,5
2675,3,0,0,9
2676,4,0,0,8
2677,6,0,0,9
2678,4,0,0,7
2679,0,0,0,3
2680,7,0,0,5
2681,5,0,0,0
2682,5,0,0,8
2683,7,0,0,2
2684,8,0,0,6
2685,4,0,0,1
2686,7,0,0,7
2687,2,0,0,3
2688,1,0,0,4
2689,8,0,0,2
2690,2,0,0,3
2691,4,0,0,5
2692,0,0,0,0
2693,5,0,0,0
2694,9,0,0,6
2695,1,0,0,8
2696,9,0,0,4
2697,5,0,0,9
2698,5,0,0,8
2699,1,0,0,5
2700,1,0,0,7
2701,1,0,0,1
2702,5,0,0,8
2703,9,0,0,4
2704,2,0,0,1
2705,2,0,0,8
2706,9,0,0,1
2707,1,0,0,8
2708,0,0,0,8
2709,5,0,0,0
2710,3,0,0,8
2711,8,0,0,9
2712,7,0,0,4
2713,1,0,0,2
2714,0,0,0,9
2715,0,0,0,7
2716,6,0,0,9
2717,2,0,0,7
2718,2,0,0,3
2719,5,0,0,2
2720,2,0,0,6
2721,9,0,0,5
2722,1,0,0,2
2723,8,0,0,7
2724,6,0,0,7
2725,1,0,0,2
2726,7,0,0,2
2727,6,0,0,7
2728,2,0,0,6
2729,3,0,0,6
2730,7,0,0,0
2731,0,0,0,1
2732,2,0,0,2
2733,9,0,0,3
2734,2,0,0,2
2735,4,0,0,8
2736,1,0,0,9
2737,1,0,0,0
2738,2,0,0,9
2739,5,0,0,5
2740,8,0,0,2
2741,3,0,0,5
2742,7,0,0,1
2743,5,0,0,0
2744,0,0,0,2
2745,8,0,0,9
2746,2,0,0,0
2747,2,0,0,8
2748,2,0,0,9
2749,8,0,0,4
2750,1,0,0,0
2751,6,0,0,0
2752,7,0,0,2
2753,3,0,0,6
2754,1,0,0,9
2755,0,0,0,1
2756,7,0,0,5
2757,4,0,0,1
2758,7,0,0,3
2759,7,0,0,0
2760,6,0,0,4
2761,8,0,0,4
2762,1,0,0,6
2763,6,0,0,7
2764,6,0,0,6
2765,5,0,0,0
2766,1,0,0,6
2767,0,0,0,7
2768,3,0,0,5
2769,4,0,0,5
2770,3,0,0,1
2771,9,0,0,4
2772,8,0,0,1
2773,4,0,0,4
2774,5,0,0,2
2775,0,0,0,2
2776,9,0,0,9
2777,2,0,0,4
2778,0,0,0,4
2779,8,0,0,4
2780,5,0,0,9
2781,9,0,0,6
2782,2,0,0,2
2783,1,0,0,1
2784,3,0,0,0
2785,6,0,0,9
2786,0,0,0,0
2787,6,0,0,5
2788,9,0,0,0
2789,9,0,0,7
2790,0,0,0,7
2791,8,0,0,2
2792,6,0,0,1
2793,0,0,0,5
2794,5,0,0,4
2795,1,0,0,1
2796,4,0,0,2
2797,1,0,0,1
2798,2,0,0,2
2799,8,0,0,4
2800,9,0,0,6
2801,9,0,0,1
2802,6,0,0,1
2803,8,0,0,0
2804,5,0,0,5
2805,7,0,0,0
2806,4,0,0,2
2807,4,0,0,1
2808,5,0,0,0
2809,9,0,0,9
2810,7,0,0,2
2811,7,0,0,2
2812,6,0,0,9
2813,5,0,0,3
2814,4,0,0,8
2815,3,0,0,1
2816,6,0,0,4
2817,3,0,0,0
2818,2,0,0,1
2819,2,0,0,2
2820,7,0,0,9
2821,0,0,0,1
2822,1,0,0,1
2823,8,0,0,0
2824,3,0,0,3
2825,7,0,0,2
2826,8,0,0,8
2827,6,0,0,4
2828,0,0,0,0
2829,7,0,0,6
2830,9,0,0,1
2831,3,0,0,5
2832,4,0,0,7
2833,6,0,0,9
2834,7,0,0,8
2835,9,0,0,0
2836,5,0,0,6
2837,1,0,0,3
2838,5,0,0,5
2839,3,0,0,2
2840,2,0,0,8
2841,5,0,0,3
2842,0,0,0,2
2843,0,0,0,3
2844,0,0,0,6
2845,5,0,0,1
2846,5,0,0,8
2847,6,0,0,6
2848,0,0,0,6
2849,3,0,0,9
2850,0,0,0,5
2851,4,0,0,4
2852,0,0,0,0
2853,3,0,0,8
2854,1,0,0,1
2855,0,0,0,4
2856,9,0,0,2
2857,9,0,0,6
2858,9,0,0,9
2859,1,0,0,2
2860,3,0,0,8
2861,3,0,0,3
2862,2,0,0,1
2863,9,0,0,4
2864,4,0,0,2
2865,8,0,0,5
2866,8,0,0,3
2867,5,0,0,8
2868,6,0,0,6
2869,0,0,0,3
2870,8,0,0,4
2871,9,0,0,1
2872,0,0,0,9
2873,0,0,0,9
2874,6,0,0,4
2875,4,0,0,9
2876,1,0,0,9
2877,3,0,0,8
2878,7,0,0,1
2879,1,0,0,2
2880,2,0,0,2
2881,5,0,0,4
2882,6,0,0,2
2883,7,0,0,7
2884,2,0,0,5
2885,0,0,0,9
2886,5,0,0,6
2887,7,0,0,6
2888,3,0,0,3
2889,5,0,0,7
2890,5,0,0,7
2891,9,0,0,0
2892,1,0,0,3
2893,2,0,0,7
2894,2,0,0,7
2895,0,0,0,0
2896,9,0,0,6
2897,7,0,0,4
2898,7,0,0,7
2899,2,0,0,0
2900,6,0,0,0
2901,5,0,0,1
2902,8,0,0,1
2903,8,0,0,7
2904,7,0,0,2
2905,2,0,0,1
2906,4,0,0,9
2907,1,0,0,5
2908,8,0,0,9
2909,3,0,0,4
2910,5,0,0,6
2911,1,0,0,3
2912,2,0,0,7
2913,9,0,0,1
2914,4,0,0,4
2915,4,0,0,1
2916,9,0,0,4
2917,8,0,0,4
2918,2,0,0,0
2919,0,0,0,7
2920,9,0,0,9
2921,7,0,0,0
2922,1,0,0,2
2923,7,0,0,5
2924,5,0,0,2
2925,9,0,0,7
2926,2,0,0,9
2927,5,0,0,1
2928,7,0,0,8
2929,0,0,0,4
2930,4,0,0,9
2931,2,0,0,9
2932,3,0,0,8
2933,9,0,0,5
2934,5,0,0,7
2935,3,0,0,7
2936,4,0,0,9
2937,8,0,0,2
2938,7,0,0,1
2939,9,0,0,1
2940,5,0,0,4
2941,7,0,0,5
2942,9,0,0,3
2943,1,0,0,4
2944,8,0,0,2
2945,5,0,0,7
2946,2,0,0,0
2947,0,0,0,5
2948,6,0,0,2
2949,6,0,0,9
2950,9,0,0,5
2951,4,0,0,6
2952,8,0,0,7
2953,2,0,0,8
2954,9,0,0,0
2955,9,0,0,3
2956,2,0,0,5
2957,3,0,0,8
2958,4,0,0,2
2959,5,0,0,0
2960,5,0,0,4
2961,7,0,0,0
2962,3,0,0,6
2963,1,0,0,8
2964,2,0,0,5
2965,9,0,0,3
2966,3,0,0,6
2967,6,0,0,3
2968,2,0,0,4
2969,3,0,0,5
2970,8,0,0,7
2971,6,0,0,9
2972,0,0,0,0
2973,0,0,0,1
2974,3,0,0,3
2975,2,0,0,8
2976,3,0,0,3
2977,9,0,0,6
2978,4,0,0,1
2979,2,0,0,0
2980,4,0,0,5
2981,7,0,0,2
2982,5,0,0,9
2983,5,0,0,2
2984,2,0,0,2
2985,2,0,0,0
2986,6,0,0,7
2987,4,0,0,0
2988,8,0,0,0
2989,4,0,0,2
2990,7,0,0,6
2991,0,0,0,6
2992,8,0,0,5
2993,5,0,0,7
2994,6,0,0,9
2995,5,0,0,3
2996,5,0,0,5
2997,2,0,0,9
2998,6,0,0,8
2999,5,0,0,2
3000,2,0,0,8
3001,5,0,0,1
3002,1,0,0,1
3003,1,0,0,0
3004,0,0,0,7
3005,3,0,0,9
3006,5,0,0,8
3007,3,0,0,1
3008,0,0,0,3
3009,6,0,0,1
3010,1,0,0,3
3011,1,0,0,3
3012,7,0,0,9
3013,4,0,0,8
3014,9,0,0,1
3015,9,0,0,8
3016,6,0,0,5
3017,6,0,0,5
3018,2,0,0,8
3019,8,0,0,9
3020,4,0,0,3
3021,3,0,0,5
3022,8,0,0,1
3023,9,0,0,0
3024,9,0,0,0
3025,3,0,0,8
3026,6,0,0,6
3027,7,0,0,4
3028,4,0,0,3
3029,7,0,0,5
3030,4,0,0,1
3031,8,0,0,5
3032,6,0,0,8
3033,2,0,0,3
3034,1,0,0,7
3035,8,0,0,7
3036,9,0,0,7
3037,3,0,0,6
3038,9,0,0,0
3039,5,0,0,3
3040,1,0,0,3
3041,1,0,0,1
3042,2,0,0,6
3043,5,0,0,6
3044,8,0,0,0
3045,8,0,0,1
3046,6,0,0,2
3047,0,0,0,1
3048,0,0,0,5
3049,6,0,0,0
3050,6,0,0,3
3051,8,0,0,9
3052,3,0,0,0
3053,4,0,0,1
3054,8,0,0,1
3055,3,0,0,7
3056,2,0,0,8
3057,2,0,0,3
3058,9,0,0,4
3059,7,0,0,4
3060,6,0,0,5
3061,3,0,0,6
3062,4,0,0,3
3063,3,0,0,3
3064,2,0,0,3
3065,2,0,0,1
3066,8,0,0,8
3067,8,0,0,3
3068,9,0,0,0
3069,8,0,0,8
3070,3,0,0,0
3071,9,0,0,2
3072,9,0,0,0
3073,6,0,0,3
3074,9,0,0,9
3075,1,0,0,8
3076,5,0,0,0
3077,1,0,0,1
3078,9,0,0,8
3079,9,0,0,9
3080,6,0,0,0
3081,2,0,0,0
3082,0,0,0,5
3083,0,0,0,0
3084,2,0,0,0
3085,1,0,0,6
3086,9,0,0,3
3087,5,0,0,2
3088,9,0,0,3
3089,8,0,0,9
3090,8,0,0,5
3091,6,0,0,1
3092,3,0,0,1
3093,5,0,0,5
3094,7,0,0,5
3095,8,0,0,2
3096,1,0,0,5
3097,4,0,0,2
3098,5,0,0,0
3099,5,0,0,4
3100,6,0,0,9
3101,4,0,0,1
3102,2,0,0,1
3103,7,0,0,6
3104,0,0,0,3
3105,2,0,0,5
3106,9,0,0,5
3107,5,0,0,4
3108,2,0,0,4
3109,0,0,0,6
3110,6,0,0,5
3111,5,0,0,0
3112,7,0,0,9
3113,2,0,0,6
3114,1,0,0,4
3115,2,0,0,5
3116,8,0,0,3
3117,1,0,0,2
3118,3,0,0,2
3119,4,0,0,0
3120,8,0,0,3
3121,8,0,0,6
3122,3,0,0,4
3123,0,0,0,5
3124,4,0,0,0
3125,0,0,0,9
3126,4,0,0,6
3127,9,0,0,9
3128,7,0,0,1
3129,9,0,0,3
3130,4,0,0,0
3131,0,0,0,6
3132,1,0,0,6
3133,3,0,0,4
3134,2,0,0,0
3135,9,0,0,0
3136,0,0,0,9
3137,0,0,0,4
3138,6,0,0,9
3139,5,0,0,6
3140,8,0,0,4
3141,3,0,0,5
3142,8,0,0,2
3143,2,0,0,4
3144,3,0,0,6
3145,1,0,0,0
3146,3,0,0,2
3147,7,0,0,5
3148,6,0,0,6
3149,4,0,0,8
3150,4,0,0,0
3151,5,0,0,4
3152,5,0,0,6
3153,6,0,0,0
3154,8,0,0,5
3155,1,0,0,7
3156,0,0,0,4
3157,7,0,0,4
3158,1,0,0,4
3159,6,0,0,2
3160,2,0,0,1
3161,9,0,0,0
3162,7,0,0,0
3163,3,0,0,1
3164,4,0,0,8
3165,2,0,0,7
3166,1,0,0,0
3167,3,0,0,9
3168,7,0,0,9
3169,7,0,0,4
3170,1,0,0,8
3171,2,0,0,5
3172,7,0,0,9
3173,1,0,0,4
3174,7,0,0,1
3175,8,0,0,7
3176,3,0,0,2
3177,3,0,0,7
3178,8,0,0,4
3179,1,0,0,3
3180,0,0,0,3
3181,0,0,0,0
3182,8,0,0,6
3183,9,0,0,7
3184,0,0,0,9
3185,5,0,0,1
3186,1,0,0,8
3187,5,0,0,0
3188,5,0,0,2
3189,4,0,0,3
3190,7,0,0,8
3191,2,0,0,6
3192,5,0,0,0
3193,0,0,0,5
3194,9,0,0,7
3195,3,0,0,8
3196,6,0,0,8
3197,6,0,0,5
3198,7,0,0,2
3199,7,0,0,8
3200,1,0,0,0
3201,9,0,0,2
3202,2,0,0,0
3203,8,0,0,0
3204,5,0,0,9
3205,9,0,0,6
3206,3,0,0,7
3207,6,0,0,5
3208,0,0,0,2
3209,2,0,0,5
3210,3,0,0,0
3211,7,0,0,3
3212,5,0,0,9
3213,3,0,0,9
3214,0,0,0,4
3215,2,0,0,6
3216,4,0,0,5
3217,2,0,0,6
3218,4,0,0,5
3219,2,0,0,2
3220,4,0,0,0
3221,4,0,0,8
3222,4,0,0,2
3223,8,0,0,9
3224,4,0,0,4
3225,0,0,0,0
3226,6,0,0,5
3227,5,0,0,7
3228,1,0,0,9
3229,2,0,0,2
3230,0,0,0,9
3231,6,0,0,7
3232,5,0,0,4
3233,9,0,0,5
3234,0,0,0,2
3235,9,0,0,7
3236,5,0,0,4
3237,2,0,0,1
3238,1,0,0,9
3239,9,0,0,1
3240,0,0,0,2
3241,3,0,0,2
3242,6,0,0,0
3243,3,0,0,5
3244,6,0,0,1
3245,9,0,0,6
3246,0,0,0,2
3247,5,0,0,4
3248,9,0,0,5
3249,7,0,0,4
3250,5,0,0,9
3251,7,0,0,5
3252,4,0,0,3
3253,8,0,0,1
3254,3,0,0,2
3255,3,0,0,0
3256,1,0,0,6
3257,2,0,0,6
3258,4,0,0,1
3259,2,0,0,6
3260,5,0,0,5
3261,2,0,0,6
3262,4,0,0,3
3263,4,0,0,8
3264,6,0,0,3
3265,1,0,0,9
3266,2,0,0,4
3267,7,0,0,0
3268,3,0,0,3
3269,7,0,0,0
3270,5,0,0,7
3271,8,0,0,3
3272,0,0,0,6
3273,8,0,0,4
3274,3,0,0,5
3275,8,0,0,6
3276,7,0,0,3
3277,9,0,0,7
3278,9,0,0,7
3279,7,0,0,8
3280,4,0,0,2
3281,9,0,0,5
3282,8,0,0,6
3283,5,0,0,8
3284,8,0,0,0
3285,5,0,0,2
3286,4,0,0,0
3287,3,0,0,4
3288,7,0,0,4
3289,1,0,0,0
3290,2,0,0,8
3291,7,0,0,3
3292,7,0,0,3
3293,7,0,0,8
3294,8,0,0,2
3295,3,0,0,0
3296,6,0,0,7
3297,5,0,0,4
3298,1,0,0,1
3299,5,0,0,5
3300,9,0,0,7
3301,9,0,0,1
3302,4,0,0,4
3303,7,0,0,8
3304,2,0,0,3
3305,0,0,0,4
3306,6,0,0,0
3307,8,0,0,9
3308,6,0,0,2
3309,9,0,0,1
3310,3,0,0,0
3311,4,0,0,3
3312,9,0,0,0
3313,2,0,0,1
3314,9,0,0,8
3315,0,0,0,1
3316,6,0,0,5
3317,1,0,0,2
3318,8,0,0,3
3319,2,0,0,9
3320,6,0,0,3
3321,7,0,0,1
3322,0,0,0,6
3323,0,0,0,0
3324,9,0,0,0
3325,8,0,0,7
3326,2,0,0,7
3327,3,0,0,1
3328,8,0,0,4
3329,5,0,0,2
3330,7,0,0,7
3331,3,0,0,6
3332,8,0,0,7
3333,2,0,0,5
3334,8,0,0,4
3335,5,0,0,0
3336,7,0,0,7
3337,7,0,0,5
3338,3,0,0,3
3339,8,0,0,5
3340,6,0,0,2
3341,1,0,0,2
3342,2,0,0,6
3343,4,0,0,5
3344,2,0,0,5
3345,1,0,0,6
3346,1,0,0,3
3347,4,0,0,6
3348,9,0,0,8
3349,9,0,0,1
3350,4,0,0,3
3351,1,0,0,7
3352,4,0,0,1
3353,6,0,0,1
3354,6,0,0,8
3355,1,0,0,5
3356,5,0,0,2
3357,1,0,0,0
3358,4,0,0,6
3359,9,0,0,0
3360,4,0,0,6
3361,8,0,0,6
3362,0,0,0,8
3363,7,0,0,2
3364,5,0,0,2
3365,8,0,0,4
3366,9,0,0,5
3367,1,0,0,4
3368,1,0,0,0
3369,2,0,0,6
3370,4,0,0,8
3371,7,0,0,6
3372,9,0,0,2
3373,6,0,0,2
3374,4,0,0,1
3375,3,0,0,3
3376,4,0,0,9
3377,9,0,0,4
3378,3,0,0,6
3379,6,0,0,3
3380,6,0,0,1
3381,7,0,0,0
3382,2,0,0,9
3383,5,0,0,2
3384,2,0,0,0
3385,0,0,0,1
3386,6,0,0,8
3387,5,0,0,8
3388,6,0,0,8
3389,1,0,0,7
3390,9,0,0,9
3391,1,0,0,0
3392,7,0,0,8
3393,0,0,0,0
3394,7,0,0,0
3395,1,0,0,1
3396,5,0,0,2
3397,0,0,0,8
3398,4,0,0,2
3399,2,0,0,8
3400,4,0,0,8
3401,0,0,0,9
3402,3,0,0,6
3403,2,0,0,5
3404,1,0,0,3
3405,5,0,0,4
3406,5,0,0,9
3407,9,0,0,6
3408,8,0,0,3
3409,7,0,0,6
3410,9,0,0,8
3411,5,0,0,7
3412,8,0,0,4
3413,4,0,0,0
3414,6,0,0,4
3415,5,0,0,2
3416,1,0,0,7
3417,8,0,0,5
3418,5,0,0,5
3419,4,0,0,0
3420,4,0,0,8
3421,4,0,0,6
3422,0,0,0,7
3423,6,0,0,8
3424,3,0,0,8
3425,1,0,0,1
3426,2,0,0,1
3427,1,0,0,1
3428,7,0,0,7
3429,4,0,0,6
3430,9,0,0,7
3431,0,0,0,2
3432,3,0,0,1
3433,9,0,0,0
3434,8,0,0,7
3435,4,0,0,7
3436,5,0,0,1
3437,4,0,0,1
3438,6,0,0,9
3439,2,0,0,9
3440,3,0,0,4
3441,2,0,0,7
3442,0,0,0,2
3443,7,0,0,7
3444,3,0,0,4
3445,2,0,0,8
3446,2,0,0,2
3447,7,0,0,8
3448,0,0,0,9
3449,4,0,0,6
3450,2,0,0,2
3451,6,0,0,9
3452,7,0,0,8
3453,9,0,0,4
3454,0,0,0,0
3455,6,0,0,7
3456,2,0,0,7
3457,9,0,0,1
3458,6,0,0,0
3459,0,0,0,3
3460,4,0,0,8
3461,3,0,0,6
3462,0,0,0,6
3463,5,0,0,9
3464,9,0,0,6
3465,8,0,0,6
3466,8,0,0,4
3467,5,0,0,5
3468,9,0,0,9
3469,8,0,0,6
3470,9,0,0,9
3471,0,0,0,7
3472,2,0,0,7
3473,8,0,0,4
3474,3,0,0,3
3475,5,0,0,0
3476,3,0,0,7
3477,8,0,0,0
3478,0,0,0,6
3479,0,0,0,3
3480,7,0,0,9
3481,1,0,0,5
3482,3,0,0,2
3483,7,0,0,9
3484,9,0,0,4
3485,6,0,0,1
3486,2,0,0,9
3487,2,0,0,3
3488,9,0,0,6
3489,1,0,0,1
3490,7,0,0,1
3491,0,0,0,2
3492,1,0,0,8
3493,1,0,0,7
3494,8,0,0,6
3495,4,0,0,4
3496,7,0,0,7
3497,5,0,0,0
3498,5,0,0,9
3499,4,0,0,2
3500,1,0,0,2
3501,7,0,0,9
3502,6,0,0,5
3503,6,0,0,7
3504,1,0,0,1
3505,3,0,0,1
3506,5,0,0,8
3507,3,0,0,8
3508,9,0,0,0
3509,0,0,0,3
3510,3,0,0,5
3511,7,0,0,7
3512,2,0,0,2
3513,5,0,0,5
3514,9,0,0,3
3515,6,0,0,6
3516,3,0,0,7
3517,2,0,0,1
3518,1,0,0,4
3519,4,0,0,8
3520,9,0,0,3
3521,7,0,0,1
3522,0,0,0,4
3523,2,0,0,8
3524,8,0,0,8
3525,4,0,0,6
3526,2,0,0,6
3527,2,0,0,8
3528,3,0,0,5
3529,1,0,0,3
3530,6,0,0,5
3531,4,0,0,2
3532,8,0,0,3
3533,2,0,0,1
3534,3,0,0,8
3535,0,0,0,9
3536,7,0,0,5
3537,5,0,0,1
3538,2,0,0,0
3539,3,0,0,1
3540,0,0,0,3
3541,8,0,0,3
3542,5,0,0,7
3543,1,0,0,2
3544,1,0,0,5
3545,0,0,0,5
3546,4,0,0,9
3547,3,0,0,7
3548,3,0,0,9
3549,6,0,0,9
3550,9,0,0,9
3551,6,0,0,8
3552,8,0,0,7
3553,8,0,0,4
3554,7,0,0,2
3555,0,0,0,6
3556,8,0,0,9
3557,8,0,0,0
3558,0,0,0,7
3559,5,0,0,0
3560,3,0,0,5
3561,1,0,0,2
3562,6,0,0,1
3563,9,0,0,6
3564,2,0,0,7
3565,2,0,0,8
3566,6,0,0,8
3567,2,0,0,9
3568,0,0,0,1
3569,4,0,0,9
3570,3,0,0,1
3571,6,0,0,0
3572,0,0,0,5
3573,0,0,0,5
3574,7,0,0,8
3575,7,0,0,3
3576,1,0,0,3
3577,7,0,0,3
3578,3,0,0,4
3579,4,0,0,2
3580,6,0,0,5
3581,7,0,0,4
3582,3,0,0,4
3583,4,0,0,4
3584,9,0,0,9
3585,2,0,0,0
3586,9,0,0,8
3587,6,0,0,4
3588,6,0,0,9
3589,5,0,0,4
3590,3,0,0,2
3591,9,0,0,6
3592,9,0,0,1
3593,9,0,0,9
3594,4,0,0,5
3595,4,0,0,2
3596,2,0,0,4
3597,8,0,0,4
3598,8,0,0,6
3599,2,0,0,9
3600,3,0,0,6
3601,3,0,0,2
3602,3,0,0,5
3603,1,0,0,6
3604,9,0,0,3
3605,1,0,0,1
3606,2,0,0,6
3607,0,0,0,5
3608,0,0,0,7
3609,5,0,0,5
3610,2,0,0,9
3611,0,0,0,7
3612,8,0,0,1
3613,6,0,0,7
3614,9,0,0,4
3615,5,0,0,9
3616,0,0,0,9
3617,0,0,0,3
3618,2,0,0,6
3619,0,0,0,9
3620,5,0,0,2
3621,5,0,0,8
3622,5,0,0,1
3623,1,0,0,6
3624,2,0,0,2
3625,7,0,0,6
3626,5,0,0,5
3627,3,0,0,2
3628,7,0,0,9
3629,7,0,0,2
3630,6,0,0,8
3631,6,0,0,6
3632,0,0,0,8
3633,5,0,0,7
3634,9,0,0,1
3635,7,0,0,6
3636,2,0,0,4
3637,3,0,0,9
3638,8,0,0,0
3639,1,0,0,7
3640,5,0,0,6
3641,3,0,0,7
3642,8,0,0,6
3643,6,0,0,9
3644,7,0,0,2
3645,8,0,0,0
3646,0,0,0,1
3647,7,0,0,0
3648,1,0,0,8
3649,9,0,0,3
3650,7,0,0,1
3651,2,0,0,6
3652,4,0,0,2
3653,8,0,0,7
3654,6,0,0,2
3655,6,0,0,0
3656,5,0,0,1
3657,0,0,0,9
3658,4,0,0,8
3659,2,0,0,1
3660,6,0,0,9
3661,0,0,0,6
3662,2,0,0,8
3663,4,0,0,4
3664,5,0,0,4
3665,0,0,0,4
3666,8,0,0,8
3667,7,0,0,6
3668,4,0,0,1
3669,0,0,0,9
3670,4,0,0,2
3671,2,0,0,4
3672,6,0,0,9
3673,5,0,0,7
3674,6,0,0,6
3675,4,0,0,7
3676,9,0,0,3
3677,2,0,0,0
3678,7,0,0,9
3679,1,0,0,8
3680,4,0,0,6
3681,2,0,0,4
3682,8,0,0,9
3683,1,0,0,9
3684,4,0,0,6
3685,5,0,0,1
3686,5,0,0,1
3687,5,0,0,8
3688,6,0,0,8
3689,7,0,0,2
3690,3,0,0,4
3691,4,0,0,3
3692,2,0,0,0
3693,1,0,0,6
3694,7,0,0,5
3695,6,0,0,4
3696,3,0,0,4
3697,4,0,0,6
3698,9,0,0,4
3699,2,0,0,1
3700,2,0,0,6
3701,6,0,0,7
3702,2,0,0,1
3703,5,0,0,3
3704,3,0,0,9
3705,3,0,0,5
3706,6,0,0,2
3707,7,0,0,8
3708,2,0,0,4
3709,4,0,0,3
3710,7,0,0,5
3711,7,0,0,1
3712,6,0,0,0
3713,5,0,0,8
3714,2,0,0,5
3715,4,0,0,0
3716,6,0,0,1
3717,2,0,0,9
3718,7,0,0,8
3719,0,0,0,4
3720,1,0,0,6
3721,8,0,0,9
3722,3,0,0,6
3723,4,0,0,6
3724,2,0,0,2
3725,9,0,0,1
3726,2,0,0,8
3727,0,0,0,9
3728,7,0,0,4
3729,4,0,0,7
3730,2,0,0,2
3731,9,0,0,2
3732,7,0,0,6
3733,4,0,0,8
3734,4,0,0,7
3735,8,0,0,3
3736,2,0,0,5
3737,2,0,0,5
3738,0,0,0,2
3739,1,0,0,4
3740,3,0,0,7
3741,2,0,0,8
3742,1,0,0,2
3743,6,0,0,5
3744,1,0,0,3
3745,4,0,0,7
3746,1,0,0,5
3747,2,0,0,1
3748,9,0,0,5
3749,5,0,0,8
3750,8,0,0,3
3751,3,0,0,7
3752,4,0,0,5
3753,2,0,0,0
3754,6,0,0,9
3755,3,0,0,2
3756,9,0,0,2
3757,5,0,0,7
3758,3,0,0,3
3759,4,0,0,7
3760,9,0,0,6
3761,4,0,0,3
3762,3,0,0,8
3763,7,0,0,2
3764,4,0,0,2
3765,6,0,0,5
3766,5,0,0,8
3767,4,0,0,1
3768,5,0,0,7
3769,8,0,0,6
3770,2,0,0,9
3771,5,0,0,7
3772,2,0,0,2
3773,6,0,0,6
3774,2,0,0,9
3775,6,0,0,5
3776,9,0,0,0
3777,8,0,0,5
3778,5,0,0,4
3779,7,0,0,5
3780,8,0,0,8
3781,6,0,0,4
3782,1,0,0,1
3783,2,0,0,9
3784,6,0,0,9
3785,0,0,0,6
3786,8,0,0,7
3787,9,0,0,1
3788,1,0,0,6
3789,1,0,0,5
3790,3,0,0,3
3791,8,0,0,5
3792,3,0,0,9
3793,5,0,0,1
3794,5,0,0,0
3795,8,0,0,3
3796,7,0,0,6
3797,6,0,0,1
3798,3,0,0,0
3799,8,0,0,7
3800,7,0,0,3
3801,2,0,0,3
3802,9,0,0,4
3803,6,0,0,0
3804,7,0,0,3
3805,4,0,0,6
3806,4,0,0,5
3807,7,0,0,2
3808,2,0,0,1
3809,9,0,0,1
3810,8,0,0,1
3811,0,0,0,7
3812,7,0,0,6
3813,2,0,0,9
3814,7,0,0,6
3815,2,0,0,9
3816,2,0,0,0
3817,2,0,0,5
3818,9,0,0,0
3819,2,0,0,6
3820,6,0,0,1
3821,8,0,0,5
3822,9,0,0,0
3823,5,0,0,8
3824,7,0,0,1
3825,7,0,0,5
3826,2,0,0,5
3827,7,0,0,2
3828,5,0,0,3
3829,3,0,0,3
3830,4,0,0,8
3831,8,0,0,2
3832,1,0,0,0
3833,4,0,0,4
3834,2,0,0,1
3835,5,0,0,1
3836,8,0,0,3
3837,4,0,0,7
3838,2,0,0,1
3839,1,0,0,0
3840,8,0,0,2
3841,3,0,0,2
3842,9,0,0,6
3843,9,0,0,7
3844,3,0,0,5
3845,8,0,0,7
3846,5,0,0,4
3847,6,0,0,7
3848,1,0,0,6
3849,4,0,0,1
3850,9,0,0,5
3851,3,0,0,8
3852,7,0,0,3
3853,5,0,0,4
3854,6,0,0,5
3855,3,0,0,5
3856,1,0,0,0
3857,4,0,0,4
3858,1,0,0,0
3859,6,0,0,9
3860,6,0,0,3
3861,9,0,0,5
3862,8,0,0,4
3863,4,0,0,4
3864,6,0,0,0
3865,2,0,0,7
3866,5,0,0,3
3867,1,0,0,2
3868,6,0,0,3
3869,3,0,0,4
3870,0,0,0,6
3871,4,0,0,3
3872,6,0,0,0
3873,3,0,0,2
3874,0,0,0,3
3875,8,0,0,2
3876,8,0,0,5
3877,5,0,0,2
3878,9,0,0,8
3879,2,0,0,1
3880,3,0,0,5
3881,3,0,0,5
3882,5,0,0,4
3883,4,0,0,9
3884,9,0,0,0
3885,3,0,0,9
3886,0,0,0,1
3887,1,0,0,6
3888,3,0,0,1
3889,6,0,0,5
3890,7,0,0,5
3891,0,0,0,7
3892,6,0,0,0
3893,0,0,0,9
3894,9,0,0,9
3895,3,0,0,9
3896,0,0,0,9
3897,6,0,0,0
3898,3,0,0,3
3899,9,0,0,0
3900,6,0,0,4
3901,7,0,0,4
3902,7,0,0,2
3903,8,0,0,0
3904,1,0,0,4
3905,5,0,0,8
3906,5,0,0,2
3907,8,0,0,7
3908,8,0,0,7
3909,3,0,0,6
3910,6,0,0,3
3911,3,0,0,4
3912,4,0,0,8
3913,7,0,0,7
3914,9,0,0,5
3915,6,0,0,6
3916,8,0,0,2
3917,7,0,0,6
3918,8,0,0,6
3919,5,0,0,0
3920,4,0,0,6
3921,7,0,0,8
3922,8,0,0,3
3923,7,0,0,8
3924,5,0,0,0
3925,9,0,0,4
3926,6,0,0,0
3927,9,0,0,4
3928,3,0,0,2
3929,0,0,0,4
3930,3,0,0,2
3931,6,0,0,4
3932,7,0,0,9
3933,0,0,0,5
3934,6,0,0,3
3935,1,0,0,8
3936,7,0,0,4
3937,0,0,0,0
3938,3,0,0,6
3939,2,0,0,6
3940,3,0,0,6
3941,7,0,0,1
3942,2,0,0,9
3943,0,0,0,2
3944,5,0,0,0
3945,4,0,0,2
3946,0,0,0,0
3947,1,0,0,1
3948,6,0,0,6
3949,3,0,0,1
3950,0,0,0,2
3951,2,0,0,7
3952,0,0,0,0
3953,5,0,0,2
3954,5,0,0,3
3955,8,0,0,8
3956,4,0,0,2
3957,9,0,0,1
3958,0,0,0,5
3959,2,0,0,9
3960,0,0,0,5
3961,1,0,0,2
3962,8,0,0,5
3963,4,0,0,8
3964,6,0,0,2
3965,7,0,0,4
3966,2,0,0,5
3967,2,0,0,4
3968,4,0,0,1
3969,6,0,0,4
3970,6,0,0,4
3971,1,0,0,9
3972,6,0,0,9
3973,8,0,0,4
3974,7,0,0,4
3975,0,0,0,2
3976,4,0,0,2
3977,9,0,0,9
3978,9,0,0,0
3979,2,0,0,5
3980,1,0,0,4
3981,5,0,0,4
3982,2,0,0,7
3983,8,0,0,3
3984,3,0,0,9
3985,9,0,0,3
3986,1,0,0,5
3987,0,0,0,4
3988,4,0,0,8
3989,0,0,0,2
3990,7,0,0,2
3991,1,0,0,1
3992,8,0,0,7
3993,0,0,0,7
3994,7,0,0,8
3995,9,0,0,3
3996,1,0,0,4
3997,8,0,0,7
3998,7,0,0,8
3999,8,0,0,7
4000,8,0,0,8
4001,3,0,0,9
4002,9,0,0,9
4003,4,0,0,7
4004,2,0,0,4
4005,0,0,0,9
4006,5,0,0,6
4007,1,0,0,9
4008,9,0,0,8
4009,2,0,0,4
4010,3,0,0,2
4011,5,0,0,1
4012,8,0,0,5
4013,2,0,0,3
4014,1,0,0,9
4015,9,0,0,9
4016,8,0,0,9
4017,1,0,0,2
4018,0,0,0,0
4019,6,0,0,2
4020,3,0,0,6
4021,2,0,0,5
4022,7,0,0,1
4023,2,0,0,1
4024,5,0,0,2
4025,9,0,0,8
4026,2,0,0,5
4027,6,0,0,7
4028,1,0,0,6
4029,5,0,0,8
4030,9,0,0,8
4031,8,0,0,0
4032,2,0,0,3
4033,2,0,0,3
4034,4,0,0,3
4035,9,0,0,2
4036,0,0,0,6
4037,9,0,0,7
4038,1,0,0,7
4039,5,0,0,7
4040,1,0,0,7
4041,6,0,0,6
4042,0,0,0,5
4043,6,0,0,4
4044,2,0,0,0
4045,0,0,0,5
4046,4,0,0,9
4047,7,0,0,2
4048,3,0,0,0
4049,6,0,0,0
4050,3,0,0,4
4051,7,0,0,5
4052,8,0,0,4
4053,2,0,0,5
4054,4,0,0,7
4055,3,0,0,2
4056,8,0,0,5
4057,5,0,0,7
4058,3,0,0,8
4059,6,0,0,7
4060,2,0,0,0
4061,9,0,0,3
4062,9,0,0,0
4063,5,0,0,6
4064,7,0,0,8
4065,8,0,0,1
4066,6,0,0,1
4067,1,0,0,4
4068,4,0,0,2
4069,0,0,0,1
4070,1,0,0,7
4071,5,0,0,1
4072,6,0,0,5
4073,5,0,0,7
4074,9,0,0,9
4075,9,0,0,2
4076,3,0,0,2
4077,4,0,0,5
4078,0,0,0,0
4079,0,0,0,1
4080,7,0,0,8
4081,1,0,0,2
4082,9,0,0,8
4083,6,0,0,4
4084,6,0,0,5
4085,2,0,0,2
4086,4,0,0,2
4087,9,0,0,4
4088,2,0,0,5
4089,2,0,0,9
4090,6,0,0,0
4091,8,0,0,4
4092,7,0,0,2
4093,2,0,0,5
4094,6,0,0,6
4095,8,0,0,7
4096,6,0,0,0
4097,8,0,0,1
4098,1,0,0,5
4099,1,0,0,9
4100,8,0,0,7
4101,3,0,0,5
4102,1,0,0,5
4103,3,0,0,7
4104,4,0,0,8
4105,0,0,0,1
4106,8,0,0,5
4107,5,0,0,7
4108,8,0,0,7
4109,0,0,0,6
4110,8,0,0,9
4111,5,0,0,7
4112,9,0,0,6
4113,4,0,0,4
4114,7,0,0,8
4115,9,0,0,5
4116,6,0,0,4
4117,7,0,0,0
4118,9,0,0,6
4119,3,0,0,1
4120,5,0,0,7
4121,0,0,0,6
4122,9,0,0,1
4123,4,0,0,8
4124,9,0,0,6
4125,8,0,0,0
4126,6,0,0,3
4127,5,0,0,4
4128,1,0,0,7
4129,8,0,0,0
4130,6,0,0,0
4131,9,0,0,5
4132,2,0,0,3
4133,2,0,0,0
4134,4,0,0,1
4135,6,0,0,0
4136,9,0,0,4
4137,4,0,0,6
4138,3,0,0,6
4139,7,0,0,9
4140,1,0,0,0
4141,8,0,0,9
4142,6,0,0,4
4143,6,0,0,3
4144,1,0,0,4
4145,8,0,0,4
4146,7,0,0,4
4147,8,0,0,4
4148,7,0,0,6
4149,5,0,0,9
4150,3,0,0,0
4151,4,0,0,2
4152,1,0,0,6
4153,2,0,0,5
4154,8,0,0,0
4155,4,0,0,3
4156,7,0,0,0
4157,1,0,0,9
4158,4,0,0,4
4159,3,0,0,9
4160,6,0,0,8
4161,3,0,0,6
4162,1,0,0,1
4163,1,0,0,3
4164,3,0,0,2
4165,7,0,0,6
4166,6,0,0,3
4167,1,0,0,6
4168,8,0,0,6
4169,9,0,0,7
4170,3,0,0,3
4171,1,0,0,9
4172,4,0,0,1
4173,4,0,0,1
4174,4,0,0,0
4175,4,0,0,0
4176,0,0,0,8
4177,0,0,0,4
4178,2,0,0,2
4179,3,0,0,1
4180,0,0,0,8
4181,6,0,0,9
4182,1,0,0,3
4183,4,0,0,4
4184,7,0,0,5
4185,2,0,0,8
4186,9,0,0,0
4187,1,0,0,4
4188,0,0,0,5
4189,3,0,0,1
4190,0,0,0,7
4191,4,0,0,8
4192,3,0,0,9
4193,6,0,0,7
4194,4,0,0,2
4195,2,0,0,7
4196,4,0,0,4
4197,9,0,0,0
4198,8,0,0,0
4199,6,0,0,0
4200,6,0,0,7
4201,0,0,0,8
4202,4,0,0,4
4203,8,0,0,0
4204,2,0,0,2
4205,5,0,0,1
4206,7,0,0,8
4207,5,0,0,5
4208,2,0,0,0
4209,0,0,0,3
4210,9,0,0,4
4211,6,0,0,7
4212,4,0,0,0
4213,0,0,0,0
4214,4,0,0,0
4215,4,0,0,2
4216,5,0,0,5
4217,0,0,0,3
4218,2,0,0,1
4219,4,0,0,8
4220,5,0,0,7
4221,3,0,0,0
4222,9,0,0,0
4223,5,0,0,4
4224,6,0,0,9
4225,8,0,0,8
4226,0,0,0,0
4227,8,0,0,7
4228,0,0,0,2
4229,3,0,0,6
4230,0,0,0,0
4231,2,0,0,1
4232,3,0,0,4
4233,5,0,0,4
4234,7,0,0,2
4235,0,0,0,3
4236,4,0,0,8
4237,1,0,0,1
4238,7,0,0,2
4239,3,0,0,4
4240,3,0,0,1
4241,1,0,0,0
4242,3,0,0,9
4243,8,0,0,5
4244,8,0,0,6
4245,4,0,0,7
4246,7,0,0,4
4247,3,0,0,6
4248,8,0,0,6
4249,8,0,0,6
4250,6,0,0,3
4251,9,0,0,9
4252,8,0,0,1
4253,7,0,0,8
4254,1,0,0,3
4255,1,0,0,3
4256,6,0,0,4
4257,8,0,0,7
4258,8,0,0,9
4259,4,0,0,2
4260,7,0,0,3
4261,8,0,0,7
4262,3,0,0,3
4263,9,0,0,3
4264,6,0,0,1
4265,8,0,0,0
4266,1,0,0,4
4267,4,0,0,2
4268,1,0,0,6
4269,1,0,0,5
4270,3,0,0,4
4271,5,0,0,6
4272,3,0,0,3
4273,6,0,0,4
4274,2,0,0,3
4275,3,0,0,1
4276,4,0,0,5
4277,9,0,0,6
4278,1,0,0,8
4279,7,0,0,4
4280,6,0,0,4
4281,6,0,0,3
4282,8,0,0,7
4283,6,0,0,3
4284,4,0,0,1
4285,2,0,0,5
4286,5,0,0,8
4287,8,0,0,6
4288,8,0,0,7
4289,2,0,0,8
4290,6,0,0,1
4291,7,0,0,0
4292,7,0,0,1
4293,7,0,0,8
4294,8,0,0,7
4295,1,0,0,6
4296,2,0,0,1
4297,3,0,0,4
4298,4,0,0,1
4299,0,0,0,6
4300,1,0,0,6
4301,4,0,0,8
4302,4,0,0,0
4303,8,0,0,9
4304,7,0,0,7
4305,8,0,0,6
4306,9,0,0,8
4307,4,0,0,4
4308,6,0,0,2
4309,9,0,0,9
4310,3,0,0,6
4311,6,0,0,4
4312,9,0,0,9
4313,0,0,0,7
4314,8,0,0,7
4315,9,0,0,5
4316,3,0,0,1
4317,3,0,0,4
4318,5,0,0,9
4319,1,0,0,0
4320,1,0,0,0
4321,7,0,0,0
4322,8,0,0,3
4323,8,0,0,8
4324,9,0,0,8
4325,1,0,0,7
4326,9,0,0,0
4327,6,0,0,6
4328,2,0,0,6
4329,8,0,0,0
4330,2,0,0,9
4331,9,0,0,1
4332,0,0,0,7
4333,9,0,0,9
4334,3,0,0,4
4335,3,0,0,5
4336,0,0,0,0
4337,1,0,0,5
4338,1,0,0,8
4339,1,0,0,0
4340,6,0,0,0
4341,7,0,0,6
4342,1,0,0,5
4343,1,0,0,4
4344,3,0,0,7
4345,9,0,0,8
4346,2,0,0,1
4347,6,0,0,0
4348,7,0,0,7
4349,3,0,0,9
4350,0,0,0,9
4351,3,0,0,4
4352,6,0,0,9
4353,7,0,0,2
4354,0,0,0,5
4355,4,0,0,5
4356,6,0,0,4
4357,4,0,0,2
4358,1,0,0,0
4359,3,0,0,9
4360,9,0,0,5
4361,2,0,0,4
4362,1,0,0,6
4363,1,0,0,8
4364,2,0,0,5
4365,1,0,0,6
4366,0,0,0,8
4367,3,0,0,8
4368,9,0,0,8
4369,4,0,0,2
4370,7,0,0,7
4371,4,0,0,6
4372,3,0,0,9
4373,0,0,0,4
4374,7,0,0,0
4375,2,0,0,6
4376,0,0,0,9
4377,0,0,0,2
4378,6,0,0,2
4379,5,0,0,6
4380,9,0,0,2
4381,9,0,0,8
4382,9,0,0,3
4383,6,0,0,1
4384,9,0,0,7
4385,1,0,0,4
4386,0,0,0,9
4387,1,0,0,5
4388,9,0,0,5
4389,3,0,0,0
4390,3,0,0,5
4391,2,0,0,2
4392,6,0,0,5
4393,0,0,0,9
4394,8,0,0,8
4395,9,0,0,3
4396,0,0,0,9
4397,8,0,0,3
4398,2,0,0,8
4399,5,0,0,1
4400,9,0,0,5
4401,3,0,0,5
4402,3,0,0,5
4403,7,0,0,2
4404,4,0,0,4
4405,1,0,0,1
4406,1,0,0,5
4407,0,0,0,4
4408,6,0,0,4
4409,1,0,0,5
4410,9,0,0,6
4411,8,0,0,5
4412,3,0,0,4
4413,0,0,0,8
4414,7,0,0,4
4415,4,0,0,1
4416,1,0,0,1
4417,5,0,0,0
4418,5,0,0,8
4419,0,0,0,7
4420,2,0,0,4
4421,2,0,0,5
4422,6,0,0,3
4423,9,0,0,9
4424,2,0,0,4
4425,5,0,0,9
4426,3,0,0,0
4427,3,0,0,0
4428,1,0,0,7
4429,1,0,0,1
4430,7,0,0,0
4431,9,0,0,0
4432,8,0,0,3
4433,7,0,0,1
4434,2,0,0,5
4435,8,0,0,1
4436,3,0,0,4
4437,5,0,0,3
4438,8,0,0,2
4439,4,0,0,8
4440,6,0,0,6
4441,2,0,0,2
4442,6,0,0,9
4443,4,0,0,3
4444,4,0,0,8
4445,4,0,0,8
4446,7,0,0,8
4447,2,0,0,9
4448,0,0,0,6
4449,3,0,0,2
4450,8,0,0,9
4451,2,0,0,8
4452,2,0,0,9
4453,3,0,0,7
4454,0,0,0,3
4455,5,0,0,0
4456,9,0,0,0
4457,4,0,0,3
4458,4,0,0,9
4459,3,0,0,2
4460,4,0,0,9
4461,6,0,0,9
4462,0,0,0,9
4463,2,0,0,1
4464,9,0,0,7
4465,1,0,0,4
4466,3,0,0,3
4467,3,0,0,8
4468,7,0,0,7
4469,6,0,0,1
4470,1,0,0,1
4471,1,0,0,4
4472,9,0,0,2
4473,2,0,0,6
4474,5,0,0,5
4475,8,0,0,1
4476,0,0,0,4
4477,6,0,0,1
4478,9,0,0,3
4479,2,0,0,6
4480,3,0,0,4
4481,7,0,0,5
4482,2,0,0,6
4483,2,0,0,4
4484,7,0,0,8
4485,1,0,0,8
4486,9,0,0,2
4487,0,0,0,2
4488,1,0,0,8
4489,7,0,0,1
4490,0,0,0,3
4491,5,0,0,5
4492,1,0,0,6
4493,5,0,0,4
4494,7,0,0,8
4495,4,0,0,2
4496,0,0,0,2
4497,4,0,0,0
4498,4,0,0,1
4499,0,0,0,7
4500,7,0,0,6
4501,9,0,0,7
4502,6,0,0,2
4503,8,0,0,7
4504,6,0,0,1
4505,8,0,0,5
4506,5,0,0,9
4507,9,0,0,7
4508,6,0,0,2
4509,4,0,0,7
4510,7,0,0,4
4511,1,0,0,2
4512,0,0,0,4
4513,5,0,0,2
4514,1,0,0,2
4515,3,0,0,9
4516,3,0,0,9
4517,7,0,0,4
4518,3,0,0,6
4519,5,0,0,6
4520,9,0,0,2
4521,6,0,0,4
4522,9,0,0,2
4523,7,0,0,6
4524,1,0,0,5
4525,8,0,0,6
4526,2,0,0,3
4527,1,0,0,5
4528,2,0,0,4
4529,0,0,0,2
4530,1,0,0,8
4531,6,0,0,7
4532,2,0,0,4
4533,0,0,0,2
4534,4,0,0,1
4535,9,0,0,9
4536,0,0,0,1
4537,8,0,0,0
4538,2,0,0,5
4539,5,0,0,6
4540,3,0,0,3
4541,8,0,0,1
4542,5,0,0,7
4543,1,0,0,9
4544,5,0,0,1
4545,6,0,0,0
4546,7,0,0,2
4547,0,0,0,7
4548,9,0,0,6
4549,7,0,0,7
4550,9,0,0,9
4551,6,0,0,8
4552,9,0,0,9
4553,6,0,0,8
4554,3,0,0,6
4555,9,0,0,7
4556,8,0,0,3
4557,8,0,0,6
4558,6,0,0,0
4559,3,0,0,1
4560,5,0,0,3
4561,1,0,0,4
4562,0,0,0,7
4563,8,0,0,6
4564,8,0,0,0
4565,7,0,0,9
4566,0,0,0,7
4567,8,0,0,1
4568,4,0,0,5
4569,6,0,0,7
4570,1,0,0,1
4571,3,0,0,2
4572,0,0,0,8
4573,3,0,0,4
4574,1,0,0,2
4575,9,0,0,3
4576,4,0,0,3
4577,0,0,0,2
4578,3,0,0,1
4579,8,0,0,0
4580,6,0,0,5
4581,4,0,0,5
4582,3,0,0,6
4583,9,0,0,8
4584,9,0,0,6
4585,0,0,0,1
4586,1,0,0,3
4587,2,0,0,7
4588,8,0,0,6
4589,7,0,0,9
4590,9,0,0,6
4591,2,0,0,5
4592,9,0,0,5
4593,6,0,0,7
4594,4,0,0,3
4595,4,0,0,7
4596,2,0,0,4
4597,6,0,0,7
4598,4,0,0,9
4599,1,0,0,2
4600,6,0,0,9
4601,7,0,0,1
4602,1,0,0,5
4603,5,0,0,5
4604,4,0,0,0
4605,5,0,0,9
4606,7,0,0,6
4607,3,0,0,5
4608,8,0,0,7
4609,8,0,0,7
4610,4,0,0,2
4611,0,0,0,0
4612,6,0,0,3
4613,7,0,0,5
4614,5,0,0,8
4615,0,0,0,7
4616,2,0,0,8
4617,4,0,0,6
4618,2,0,0,7
4619,2,0,0,8
4620,3,0,0,6
4621,8,0,0,0
4622,2,0,0,7
4623,8,0,0,2
4624,3,0,0,7
4625,3,0,0,2
4626,4,0,0,9
4627,0,0,0,4
4628,1,0,0,8
4629,3,0,0,5
4630,9,0,0,3
4631,8,0,0,8
4632,2,0,0,7
4633,4,0,0,4
4634,2,0,0,2
4635,7,0,0,4
4636,1,0,0,4
4637,1,0,0,4
4638,7,0,0,5
4639,3,0,0,9
4640,6,0,0,1
4641,6,0,0,0
4642,7,0,0,1
4643,7,0,0,6
4644,2,0,0,1
4645,0,0,0,5
4646,5,0,0,5
4647,7,0,0,6
4648,6,0,0,7
4649,9,0,0,5
4650,7,0,0,2
4651,0,0,0,3
4652,6,0,0,8
4653,7,0,0,6
4654,9,0,0,1
4655,5,0,0,4
4656,4,0,0,0
4657,4,0,0,8
4658,1,0,0,6
4659,8,0,0,8
4660,9,0,0,5
4661,3,0,0,3
4662,9,0,0,7
4663,9,0,0,0
4664,3,0,0,1
4665,3,0,0,8
4666,9,0,0,2
4667,6,0,0,7
4668,8,0,0,2
4669,7,0,0,0
4670,5,0,0,1
4671,1,0,0,3
4672,6,0,0,1
4673,6,0,0,4
4674,6,0,0,7
4675,3,0,0,4
4676,8,0,0,0
4677,9,0,0,4
4678,3,0,0,8
4679,9,0,0,4
4680,1,0,0,1
4681,3,0,0,0
4682,2,0,0,5
4683,0,0,0,4
4684,7,0,0,3
4685,1,0,0,5
4686,6,0,0,6
4687,6,0,0,9
4688,4,0,0,1
4689,9,0,0,6
4690,4,0,0,3
4691,5,0,0,4
4692,3,0,0,5
4693,2,0,0,1
4694,9,0,0,7
4695,4,0,0,4
4696,3,0,0,3
4697,4,0,0,5
4698,1,0,0,9
4699,2,0,0,3
4700,5,0,0,3
4701,9,0,0,4
4702,1,0,0,7
4703,7,0,0,0
4704,2,0,0,1
4705,7,0,0,9
4706,6,0,0,2
4707,0,0,0,2
4708,9,0,0,8
4709,0,0,0,8
4710,8,0,0,1
4711,6,0,0,3
4712,5,0,0,1
4713,2,0,0,4
4714,2,0,0,8
4715,8,0,0,9
4716,5,0,0,9
4717,3,0,0,6
4718,2,0,0,9
4719,1,0,0,8
4720,4,0,0,6
4721,9,0,0,8
4722,5,0,0,6
4723,6,0,0,3
4724,0,0,0,4
4725,0,0,0,7
4726,2,0,0,0
4727,8,0,0,8
4728,1,0,0,5
4729,4,0,0,6
4730,9,0,0,4
4731,3,0,0,0
4732,9,0,0,2
4733,4,0,0,3
4734,9,0,0,0
4735,1,0,0,9
4736,8,0,0,6
4737,9,0,0,2
4738,1,0,0,5
4739,7,0,0,5
4740,7,0,0,7
4741,1,0,0,3
4742,4,0,0,6
4743,8,0,0,6
4744,7,0,0,0
4745,0,0,0,4
4746,9,0,0,8
4747,3,0,0,1
4748,4,0,0,7
4749,6,0,0,2
4750,5,0,0,4
4751,3,0,0,2
4752,6,0,0,2
4753,9,0,0,0
4754,1,0,0,9
4755,2,0,0,4
4756,1,0,0,1
4757,6,0,0,3
4758,6,0,0,3
4759,0,0,0,0
4760,7,0,0,8
4761,3,0,0,5
4762,1,0,0,9
4763,4,0,0,6
4764,6,0,0,0
4765,1,0,0,4
4766,1,0,0,8
4767,1,0,0,4
4768,2,0,0,2
4769,2,0,0,0
4770,4,0,0,1
4771,7,0,0,4
4772,3,0,0,8
4773,2,0,0,3
4774,2,0,0,1
4775,1,0,0,7
4776,2,0,0,1
4777,7,0,0,8
4778,3,0,0,7
4779,8,0,0,1
4780,5,0,0,3
4781,2,0,0,6
4782,6,0,0,5
4783,8,0,0,0
4784,1,0,0,3
4785,7,0,0,6
4786,8,0,0,1
4787,1,0,0,0
4788,9,0,0,4
4789,1,0,0,7
4790,1,0,0,9
4791,5,0,0,4
4792,4,0,0,5
4793,1,0,0,7
4794,7,0,0,5
4795,2,0,0,4
4796,1,0,0,4
4797,6,0,0,1
4798,4,0,0,3
4799,1,0,0,6
4800,3,0,0,4
4801,1,0,0,6
4802,4,0,0,0
4803,8,0,0,4
4804,5,0,0,1
4805,9,0,0,4
4806,8,0,0,3
4807,4,0,0,8
4808,7,0,0,3
4809,0,0,0,3
4810,7,0,0,2
4811,6,0,0,1
4812,6,0,0,9
4813,6,0,0,7
4814,1,0,0,1
4815,0,0,0,8
4816,4,0,0,1
4817,1,0,0,0
4818,6,0,0,9
4819,5,0,0,3
4820,3,0,0,4
4821,2,0,0,9
4822,2,0,0,9
4823,6,0,0,6
4824,4,0,0,8
4825,7,0,0,1
4826,2,0,0,6
4827,9,0,0,7
4828,7,0,0,4
4829,6,0,0,1
4830,1,0,0,5
4831,8,0,0,1
4832,1,0,0,9
4833,0,0,0,1
4834,6,0,0,6
4835,9,0,0,4
4836,8,0,0,0
4837,1,0,0,5
4838,2,0,0,7
4839,2,0,0,5
4840,5,0,0,7
4841,6,0,0,1
4842,5,0,0,2
4843,7,0,0,0
4844,9,0,0,6
4845,2,0,0,3
4846,1,0,0,8
4847,2,0,0,7
4848,4,0,0,5
4849,7,0,0,3
4850,0,0,0,4
4851,0,0,0,1
4852,4,0,0,8
4853,2,0,0,0
4854,9,0,0,7
4855,8,0,0,8
4856,7,0,0,9
4857,8,0,0,5
4858,5,0,0,3
4859,0,0,0,7
4860,1,0,0,8
4861,5,0,0,0
4862,3,0,0,2
4863,2,0,0,0
4864,5,0,0,6
4865,4,0,0,9
4866,6,0,0,0
4867,8,0,0,2
4868,2,0,0,4
4869,7,0,0,5
4870,1,0,0,2
4871,8,0,0,9
4872,1,0,0,5
4873,8,0,0,4
4874,9,0,0,7
4875,5,0,0,5
4876,1,0,0,6
4877,0,0,0,5
4878,5,0,0,1
4879,2,0,0,8
4880,7,0,0,0
4881,4,0,0,8
4882,5,0,0,5
4883,6,0,0,0
4884,2,0,0,0
4885,6,0,0,8
4886,9,0,0,4
4887,8,0,0,1
4888,5,0,0,2
4889,8,0,0,7
4890,7,0,0,4
4891,4,0,0,2
4892,5,0,0,3
4893,9,0,0,5
4894,9,0,0,1
4895,1,0,0,0
4896,7,0,0,9
4897,1,0,0,5
4898,3,0,0,7
4899,3,0,0,3
4900,4,0,0,9
4901,8,0,0,0
4902,9,0,0,9
4903,4,0,0,4
4904,8,0,0,6
4905,3,0,0,6
4906,2,0,0,4
4907,5,0,0,3
4908,6,0,0,4
4909,1,0,0,8
4910,2,0,0,6
4911,7,0,0,4
4912,8,0,0,4
4913,7,0,0,4
4914,6,0,0,1
4915,9,0,0,7
4916,0,0,0,7
4917,9,0,0,3
4918,0,0,0,0
4919,8,0,0,0
4920,0,0,0,6
4921,3,0,0,1
4922,3,0,0,2
4923,6,0,0,4
4924,6,0,0,9
4925,9,0,0,1
4926,7,0,0,0
4927,6,0,0,4
4928,9,0,0,7
4929,4,0,0,4
4930,9,0,0,5
4931,6,0,0,6
4932,5,0,0,1
4933,8,0,0,6
4934,8,0,0,3
4935,6,0,0,7
4936,1,0,0,5
4937,3,0,0,5
4938,3,0,0,7
4939,5,0,0,4
4940,0,0,0,6
4941,7,0,0,6
4942,4,0,0,4
4943,5,0,0,2
4944,1,0,0,4
4945,2,0,0,3
4946,5,0,0,5
4947,3,0,0,7
4948,3,0,0,7
4949,9,0,0,5
4950,7,0,0,7
4951,3,0,0,4
4952,7,0,0,0
4953,5,0,0,9
4954,9,0,0,1
4955,3,0,0,4
4956,3,0,0,5
4957,1,0,0,4
4958,8,0,0,4
4959,3,0,0,9
4960,6,0,0,7
4961,2,0,0,0
4962,1,0,0,7
4963,1,0,0,5
4964,6,0,0,3
4965,7,0,0,9
4966,5,0,0,8
4967,3,0,0,3
4968,9,0,0,7
4969,2,0,0,1
4970,0,0,0,2
4971,3,0,0,8
4972,2,0,0,7
4973,6,0,0,1
4974,1,0,0,1
4975,8,0,0,5
4976,5,0,0,8
4977,3,0,0,6
4978,0,0,0,0
4979,4,0,0,4
4980,0,0,0,5
4981,4,0,0,7
4982,7,0,0,2
4983,3,0,0,0
4984,1,0,0,5
4985,9,0,0,4
4986,6,0,0,7
4987,7,0,0,0
4988,8,0,0,0
4989,9,0,0,0
4990,7,0,0,2
4991,5,0,0,0
4992,2,0,0,0
4993,1,0,0,3
4994,7,0,0,0
4995,2,0,0,6
4996,4,0,0,8
4997,7,0,0,6
4998,1,0,0,5
4999,2,0,0,3
5000,0,0,0,9
5001,4,0,0,0
5002,5,0,0,9
5003,8,0,0,1
5004,0,0,0,4
5005,8,0,0,0
5006,1,0,0,3
5007,6,0,0,2
5008,7,0,0,5
5009,0,0,0,6
5010,0,0,0,2
5011,1,0,0,7
5012,3,0,0,8
5013,6,0,0,1
5014,4,0,0,8
5015,1,0,0,4
5016,9,0,0,6
5017,7,0,0,2
5018,1,0,0,0
5019,7,0,0,8
5020,6,0,0,9
5021,2,0,0,9
5022,8,0,0,7
5023,0,0,0,5
5024,7,0,0,7
5025,7,0,0,4
5026,9,0,0,9
5027,9,0,0,6
5028,0,0,0,1
5029,1,0,0,8
5030,0,0,0,1
5031,7,0,0,1
5032,9,0,0,0
5033,6,0,0,2
5034,8,0,0,3
5035,7,0,0,1
5036,7,0,0,2
5037,4,0,0,1
5038,0,0,0,0
5039,5,0,0,5
5040,6,0,0,5
5041,1,0,0,9
5042,2,0,0,6
5043,2,0,0,1
5044,5,0,0,8
5045,9,0,0,0
5046,0,0,0,7
5047,0,0,0,9
5048,5,0,0,2
5049,6,0,0,4
5050,0,0,0,8
5051,7,0,0,7
5052,6,0,0,9
5053,1,0,0,3
5054,0,0,0,3
5055,3,0,0,8
5056,2,0,0,2
5057,2,0,0,8
5058,8,0,0,0
5059,1,0,0,9
5060,6,0,0,2
5061,3,0,0,2
5062,1,0,0,2
5063,5,0,0,8
5064,6,0,0,2
5065,5,0,0,8
5066,6,0,0,9
5067,1,0,0,4
5068,4,0,0,1
5069,4,0,0,1
5070,6,0,0,6
5071,1,0,0,7
5072,5,0,0,5
5073,2,0,0,7
5074,8,0,0,7
5075,5,0,0,8
5076,8,0,0,1
5077,7,0,0,1
5078,4,0,0,8
5079,0,0,0,9
5080,5,0,0,6
5081,3,0,0,8
5082,4,0,0,3
5083,5,0,0,8
5084,9,0,0,4
5085,4,0,0,1
5086,7,0,0,6
5087,4,0,0,5
5088,3,0,0,6
5089,1,0,0,9
5090,6,0,0,5
5091,3,0,0,0
5092,3,0,0,4
5093,2,0,0,5
5094,0,0,0,9
5095,8,0,0,9
5096,9,0,0,5
5097,4,0,0,9
5098,3,0,0,1
5099,6,0,0,2
5100,7,0,0,3
5101,2,0,0,9
5102,2,0,0,2
5103,1,0,0,7
5104,8,0,0,0
5105,2,0,0,1
5106,3,0,0,6
5107,7,0,0,0
5108,7,0,0,9
5109,9,0,0,9
5110,9,0,0,4
5111,0,0,0,6
5112,6,0,0,3
5113,6,0,0,0
5114,4,0,0,6
5115,0,0,0,6
5116,1,0,0,0
5117,7,0,0,1
5118,7,0,0,2
5119,4,0,0,1
5120,0,0,0,6
5121,4,0,0,3
5122,7,0,0,6
5123,2,0,0,2
5124,1,0,0,1
5125,5,0,0,4
5126,4,0,0,9
5127,2,0,0,1
5128,4,0,0,0
5129,5,0,0,2
5130,7,0,0,9
5131,8,0,0,2
5132,8,0,0,6
5133,0,0,0,1
5134,9,0,0,6
5135,0,0,0,8
5136,2,0,0,5
5137,0,0,0,5
5138,4,0,0,0
5139,8,0,0,1
5140,8,0,0,1
5141,2,0,0,3
5142,3,0,0,5
5143,2,0,0,5
5144,0,0,0,5
5145,5,0,0,9
5146,8,0,0,6
5147,6,0,0,6
5148,5,0,0,9
5149,3,0,0,2
5150,3,0,0,2
5151,7,0,0,2
5152,6,0,0,5
5153,9,0,0,9
5154,4,0,0,9
5155,7,0,0,0
5156,9,0,0,3
5157,4,0,0,1
5158,5,0,0,5
5159,4,0,0,6
5160,4,0,0,2
5161,5,0,0,5
5162,2,0,0,6
5163,4,0,0,8
5164,6,0,0,5
5165,9,0,0,0
5166,0,0,0,5
5167,5,0,0,5
5168,9,0,0,3
5169,0,0,0,5
5170,0,0,0,9
5171,4,0,0,0
5172,0,0,0,5
5173,4,0,0,7
5174,4,0,0,0
5175,6,0,0,1
5176,8,0,0,8
5177,6,0,0,9
5178,1,0,0,0
5179,6,0,0,3
5180,9,0,0,0
5181,1,0,0,0
5182,1,0,0,6
5183,0,0,0,6
5184,1,0,0,3
5185,2,0,0,8
5186,4,0,0,0
5187,8,0,0,7
5188,7,0,0,2
5189,5,0,0,0
5190,9,0,0,4
5191,8,0,0,8
5192,3,0,0,1
5193,8,0,0,7
5194,8,0,0,2
5195,0,0,0,8
5196,7,0,0,5
5197,8,0,0,4
5198,3,0,0,6
5199,1,0,0,2
5200,6,0,0,5
5201,4,0,0,3
5202,8,0,0,2
5203,9,0,0,5
5204,3,0,0,6
5205,3,0,0,7
5206,0,0,0,7
5207,5,0,0,8
5208,2,0,0,3
5209,1,0,0,0
5210,9,0,0,1
5211,0,0,0,9
5212,4,0,0,3
5213,5,0,0,2
5214,1,0,0,3
5215,4,0,0,3
5216,4,0,0,2
5217,0,0,0,9
5218,2,0,0,9
5219,1,0,0,5
5220,3,0,0,7
5221,9,0,0,2
5222,4,0,0,0
5223,6,0,0,2
5224,4,0,0,6
5225,4,0,0,8
5226,2,0,0,1
5227,8,0,0,1
5228,2,0,0,4
5229,6,0,0,0
5230,1,0,0,9
5231,0,0,0,0
5232,9,0,0,6
5233,0,0,0,5
5234,4,0,0,2
5235,4,0,0,5
5236,2,0,0,7
5237,5,0,0,7
5238,0,0,0,5
5239,9,0,0,9
5240,0,0,0,1
5241,9,0,0,2
5242,9,0,0,2
5243,3,0,0,2
5244,7,0,0,7
5245,5,0,0,5
5246,6,0,0,4
5247,4,0,0,1
5248,2,0,0,3
5249,4,0,0,2
5250,9,0,0,0
5251,7,0,0,1
5252,6,0,0,0
5253,0,0,0,1
5254,8,0,0,0
5255,1,0,0,1
5256,7,0,0,2
5257,5,0,0,8
5258,9,0,0,4
5259,9,0,0,0
5260,1,0,0,2
5261,1,0,0,7
5262,0,0,0,4
5263,9,0,0,4
5264,7,0,0,2
5265,6,0,0,8
5266,5,0,0,3
5267,1,0,0,2
5268,5,0,0,6
5269,5,0,0,9
5270,4,0,0,6
5271,6,0,0,2
5272,0,0,0,2
5273,5,0,0,8
5274,5,0,0,9
5275,1,0,0,5
5276,0,0,0,1
5277,4,0,0,8
5278,7,0,0,8
5279,3,0,0,9
5280,2,0,0,3
5281,4,0,0,8
5282,7,0,0,0
5283,5,0,0,5
5284,1,0,0,6
5285,3,0,0,6
5286,7,0,0,6
5287,6,0,0,0
5288,6,0,0,3
5289,3,0,0,7
5290,5,0,0,7
5291,4,0,0,8
5292,0,0,0,6
5293,8,0,0,9
5294,9,0,0,6
5295,1,0,0,1
5296,7,0,0,5
5297,3,0,0,9
5298,8,0,0,7
5299,8,0,0,5
5300,3,0,0,1
5301,7,0,0,5
5302,4,0,0,8
5303,1,0,0,9
5304,9,0,0,1
5305,3,0,0,2
5306,5,0,0,6
5307,6,0,0,7
5308,7,0,0,1
5309,2,0,0,3
5310,0,0,0,2
5311,6,0,0,5
5312,2,0,0,0
5313,7,0,0,5
5314,1,0,0,1
5315,7,0,0,4
5316,3,0,0,8
5317,3,0,0,1
5318,5,0,0,8
5319,7,0,0,7
5320,2,0,0,2
5321,3,0,0,1
5322,4,0,0,4
5323,2,0,0,2
5324,7,0,0,0
5325,9,0,0,8
5326,2,0,0,9
5327,1,0,0,4
5328,5,0,0,2
5329,0,0,0,3
5330,8,0,0,6
5331,8,0,0,5
5332,6,0,0,5
5333,5,0,0,9
5334,9,0,0,1
5335,3,0,0,6
5336,4,0,0,2
5337,9,0,0,3
5338,9,0,0,1
5339,0,0,0,2
5340,4,0,0,1
5341,2,0,0,2
5342,4,0,0,4
5343,6,0,0,6
5344,8,0,0,2
5345,3,0,0,9
5346,9,0,0,3
5347,0,0,0,2
5348,0,0,0,7
5349,6,0,0,5
5350,4,0,0,8
5351,2,0,0,4
5352,1,0,0,3
5353,3,0,0,3
5354,4,0,0,0
5355,6,0,0,5
5356,6,0,0,1
5357,8,0,0,6
5358,9,0,0,4
5359,1,0,0,5
5360,3,0,0,5
5361,5,0,0,6
5362,9,0,0,5
5363,1,0,0,9
5364,4,0,0,6
5365,7,0,0,6
5366,3,0,0,4
5367,7,0,0,1
5368,1,0,0,6
5369,5,0,0,3
5370,3,0,0,6
5371,8,0,0,2
5372,9,0,0,5
5373,4,0,0,3
5374,8,0,0,6
5375,0,0,0,9
5376,0,0,0,5
5377,0,0,0,8
5378,0,0,0,6
5379,4,0,0,3
5380,8,0,0,4
5381,2,0,0,5
5382,1,0,0,2
5383,4,0,0,2
5384,2,0,0,6
5385,3,0,0,6
5386,6,0,0,8
5387,3,0,0,1
5388,4,0,0,4
5389,3,0,0,8
5390,5,0,0,4
5391,5,0,0,5
5392,5,0,0,4
5393,8,0,0,8
5394,0,0,0,3
5395,9,0,0,8
5396,4,0,0,2
5397,4,0,0,2
5398,4,0,0,5
5399,6,0,0,2
5400,4,0,0,9
5401,9,0,0,1
5402,7,0,0,1
5403,5,0,0,1
5404,9,0,0,9
5405,1,0,0,4
5406,5,0,0,9
5407,0,0,0,6
5408,9,0,0,8
5409,5,0,0,0
5410,5,0,0,7
5411,5,0,0,7
5412,9,0,0,1
5413,8,0,0,8
5414,8,0,0,8
5415,9,0,0,4
5416,2,0,0,0
5417,3,0,0,6
5418,6,0,0,4
5419,7,0,0,3
5420,2,0,0,3
5421,9,0,0,3
5422,8,0,0,3
5423,5,0,0,7
5424,9,0,0,5
5425,7,0,0,2
5426,5,0,0,7
5427,2,0,0,8
5428,4,0,0,6
5429,8,0,0,3
5430,2,0,0,6
5431,2,0,0,0
5432,8,0,0,4
5433,5,0,0,8
5434,1,0,0,2
5435,8,0,0,6
5436,7,0,0,6
5437,8,0,0,6
5438,3,0,0,9
5439,6,0,0,0
5440,9,0,0,7
5441,7,0,0,0
5442,0,0,0,7
5443,8,0,0,8
5444,9,0,0,5
5445,2,0,0,8
5446,9,0,0,2
5447,8,0,0,5
5448,3,0,0,5
5449,3,0,0,0
5450,4,0,0,3
5451,2,0,0,4
5452,9,0,0,1
5453,0,0,0,4
5454,1,0,0,5
5455,5,0,0,7
5456,2,0,0,8
5457,2,0,0,0
5458,3,0,0,8
5459,1,0,0,0
5460,8,0,0,9
5461,3,0,0,2
5462,2,0,0,4
5463,2,0,0,4
5464,3,0,0,1
5465,9,0,0,0
5466,3,0,0,1
5467,0,0,0,6
5468,2,0,0,0
5469,8,0,0,9
5470,4,0,0,0
5471,4,0,0,7
5472,8,0,0,0
5473,1,0,0,0
5474,1,0,0,7
5475,7,0,0,0
5476,6,0,0,3
5477,0,0,0,9
5478,1,0,0,1
5479,2,0,0,3
5480,3,0,0,4
5481,7,0,0,0
5482,3,0,0,8
5483,8,0,0,5
5484,7,0,0,0
5485,9,0,0,0
5486,3,0,0,9
5487,8,0,0,1
5488,4,0,0,4
5489,9,0,0,2
5490,8,0,0,7
5491,1,0,0,6
5492,0,0,0,2
5493,6,0,0,3
5494,8,0,0,9
5495,1,0,0,5
5496,2,0,0,9
5497,9,0,0,3
5498,7,0,0,1
5499,0,0,0,2
5500,8,0,0,4
5501,7,0,0,7
5502,3,0,0,4
5503,1,0,0,7
5504,3,0,0,6
5505,7,0,0,7
5506,3,0,0,6
5507,1,0,0,7
5508,5,0,0,6
5509,5,0,0,1
5510,1,0,0,6
5511,3,0,0,6
5512,4,0,0,0
5513,7,0,0,3
5514,3,0,0,3
5515,7,0,0,7
5516,6,0,0,4
5517,5,0,0,4
5518,0,0,0,8
5519,8,0,0,6
5520,6,0,0,0
5521,2,0,0,6
5522,9,0,0,5
5523,8,0,0,9
5524,4,0,0,7
5525,0,0,0,4
5526,6,0,0,1
5527,4,0,0,9
5528,4,0,0,4
5529,0,0,0,4
5530,3,0,0,9
5531,1,0,0,3
5532,2,0,0,0
5533,5,0,0,5
5534,7,0,0,2
5535,3,0,0,0
5536,5,0,0,4
5537,6,0,0,6
5538,9,0,0,4
5539,0,0,0,9
5540,4,0,0,4
5541,5,0,0,8
5542,6,0,0,3
5543,3,0,0,9
5544,6,0,0,3
5545,2,0,0,8
5546,3,0,0,0
5547,7,0,0,5
5548,2,0,0,8
5549,0,0,0,5
5550,4,0,0,6
5551,2,0,0,7
5552,7,0,0,2
5553,5,0,0,7
5554,7,0,0,1
5555,4,0,0,4
5556,2,0,0,4
5557,5,0,0,1
5558,7,0,0,0
5559,3,0,0,4
5560,0,0,0,1
5561,0,0,0,1
5562,1,0,0,1
5563,4,0,0,9
5564,6,0,0,0
5565,0,0,0,4
5566,0,0,0,4
5567,3,0,0,6
5568,9,0,0,5
5569,7,0,0,1
5570,5,0,0,8
5571,1,0,0,7
5572,0,0,0,0
5573,7,0,0,7
5574,0,0,0,9
5575,3,0,0,5
5576,4,0,0,5
5577,0,0,0,2
5578,5,0,0,6
5579,1,0,0,3
5580,9,0,0,8
5581,3,0,0,5
5582,5,0,0,4
5583,7,0,0,7
5584,2,0,0,3
5585,1,0,0,1
5586,3,0,0,2
5587,3,0,0,0
5588,6,0,0,8
5589,2,0,0,1
5590,8,0,0,0
5591,3,0,0,4
5592,2,0,0,7
5593,5,0,0,1
5594,2,0,0,6
5595,8,0,0,1
5596,1,0,0,8
5597,5,0,0,9
5598,6,0,0,1
5599,5,0,0,2
5600,3,0,0,4
5601,9,0,0,9
5602,7,0,0,5
5603,9,0,0,3
5604,2,0,0,4
5605,5,0,0,6
5606,9,0,0,9
5607,3,0,0,4
5608,1,0,0,5
5609,0,0,0,3
5610,6,0,0,2
5611,2,0,0,6
5612,4,0,0,3
5613,2,0,0,5
5614,0,0,0,2
5615,2,0,0,3
5616,2,0,0,9
5617,2,0,0,3
5618,5,0,0,2
5619,6,0,0,7
5620,7,0,0,1
5621,9,0,0,6
5622,8,0,0,3
5623,9,0,0,4
5624,3,0,0,4
5625,3,0,0,5
5626,9,0,0,1
5627,7,0,0,4
5628,1,0,0,3
5629,0,0,0,4
5630,6,0,0,0
5631,4,0,0,7
5632,4,0,0,9
5633,1,0,0,5
5634,8,0,0,3
5635,9,0,0,4
5636,1,0,0,2
5637,4,0,0,6
5638,6,0,0,2
5639,7,0,0,0
5640,3,0,0,8
5641,9,0,0,7
5642,7,0,0,4
5643,6,0,0,3
5644,0,0,0,7
5645,0,0,0,0
5646,4,0,0,0
5647,0,0,0,1
5648,7,0,0,8
5649,5,0,0,2
5650,5,0,0,0
5651,6,0,0,8
5652,1,0,0,3
5653,3,0,0,9
5654,1,0,0,1
5655,7,0,0,3
5656,6,0,0,9
5657,7,0,0,5
5658,8,0,0,6
5659,8,0,0,8
5660,2,0,0,8
5661,3,0,0,8
5662,8,0,0,1
5663,1,0,0,4
5664,9,0,0,6
5665,1,0,0,0
5666,3,0,0,7
5667,1,0,0,1
5668,7,0,0,7
5669,2,0,0,8
5670,7,0,0,5
5671,4,0,0,1
5672,2,0,0,4
5673,7,0,0,7
5674,8,0,0,7
5675,5,0,0,0
5676,7,0,0,6
5677,9,0,0,2
5678,6,0,0,1
5679,7,0,0,3
5680,5,0,0,0
5681,0,0,0,1
5682,1,0,0,9
5683,6,0,0,6
5684,9,0,0,1
5685,8,0,0,7
5686,0,0,0,9
5687,5,0,0,9
5688,3,0,0,1
5689,0,0,0,0
5690,5,0,0,9
5691,2,0,0,0
5692,8,0,0,3
5693,6,0,0,5
5694,7,0,0,7
5695,8,0,0,6
5696,4,0,0,2
5697,4,0,0,4
5698,2,0,0,7
5699,9,0,0,0
5700,3,0,0,9
5701,3,0,0,3
5702,5,0,0,8
5703,6,0,0,8
5704,1,0,0,9
5705,4,0,0,9
5706,6,0,0,0
5707,7,0,0,2
5708,7,0,0,6
5709,3,0,0,1
5710,0,0,0,7
5711,2,0,0,8
5712,8,0,0,9
5713,8,0,0,8
5714,3,0,0,5
5715,7,0,0,3
5716,4,0,0,7
5717,3,0,0,4
5718,5,0,0,7
5719,9,0,0,1
5720,8,0,0,3
5721,6,0,0,3
5722,0,0,0,4
5723,8,0,0,5
5724,3,0,0,0
5725,8,0,0,2
5726,6,0,0,7
5727,2,0,0,5
5728,8,0,0,6
5729,5,0,0,1
5730,0,0,0,2
5731,8,0,0,2
5732,6,0,0,6
5733,0,0,0,9
5734,0,0,0,7
5735,6,0,0,5
5736,2,0,0,5
5737,6,0,0,3
5738,5,0,0,6
5739,9,0,0,9
5740,1,0,0,0
5741,0,0,0,6
5742,5,0,0,3
5743,7,0,0,8
5744,9,0,0,2
5745,0,0,0,2
5746,6,0,0,8
5747,3,0,0,3
5748,6,0,0,6
5749,5,0,0,2
5750,1,0,0,9
5751,5,0,0,8
5752,8,0,0,9
5753,1,0,0,0
5754,3,0,0,8
5755,8,0,0,7
5756,6,0,0,9
5757,7,0,0,8
5758,6,0,0,6
5759,7,0,0,0
5760,8,0,0,7
5761,1,0,0,7
5762,6,0,0,5
5763,0,0,0,6
5764,9,0,0,6
5765,1,0,0,5
5766,9,0,0,5
5767,6,0,0,9
5768,1,0,0,0
5769,4,0,0,3
5770,2,0,0,4
5771,8,0,0,9
5772,4,0,0,5
5773,1,0,0,3
5774,5,0,0,2
5775,4,0,0,2
5776,6,0,0,7
5777,7,0,0,7
5778,7,0,0,4
5779,0,0,0,6
5780,8,0,0,2
5781,9,0,0,5
5782,7,0,0,8
5783,2,0,0,6
5784,5,0,0,0
5785,2,0,0,1
5786,7,0,0,0
5787,3,0,0,8
5788,5,0,0,8
5789,3,0,0,3
5790,4,0,0,0
5791,4,0,0,6
5792,5,0,0,7
5793,5,0,0,7
5794,4,0,0,4
5795,2,0,0,0
5796,9,0,0,9
5797,6,0,0,8
5798,2,0,0,4
5799,4,0,0,5
5800,0,0,0,5
5801,3,0,0,3
5802,6,0,0,5
5803,1,0,0,8
5804,2,0,0,7
5805,9,0,0,5
5806,8,0,0,8
5807,4,0,0,2
5808,2,0,0,0
5809,8,0,0,8
5810,5,0,0,0
5811,2,0,0,6
5812,3,0,0,9
5813,7,0,0,3
5814,6,0,0,2
5815,6,0,0,6
5816,3,0,0,2
5817,3,0,0,3
5818,3,0,0,0
5819,1,0,0,1
5820,3,0,0,5
5821,7,0,0,0
5822,3,0,0,6
5823,1,0,0,7
5824,2,0,0,6
5825,0,0,0,1
5826,2,0,0,1
5827,9,0,0,7
5828,3,0,0,1
5829,6,0,0,8
5830,5,0,0,4
5831,6,0,0,9
5832,8,0,0,4
5833,3,0,0,1
5834,0,0,0,4
5835,1,0,0,3
5836,0,0,0,9
5837,2,0,0,2
5838,1,0,0,6
5839,7,0,0,0
5840,8,0,0,3
5841,0,0,0,5
5842,2,0,0,0
5843,7,0,0,8
5844,6,0,0,8
5845,4,0,0,1
5846,9,0,0,4
5847,9,0,0,1
5848,3,0,0,2
5849,9,0,0,4
5850,3,0,0,1
5851,0,0,0,8
5852,4,0,0,6
5853,3,0,0,0
5854,9,0,0,5
5855,3,0,0,9
5856,0,0,0,9
5857,9,0,0,8
5858,9,0,0,7
5859,0,0,0,2
5860,8,0,0,9
5861,9,0,0,7
5862,0,0,0,0
5863,1,0,0,5
5864,3,0,0,6
5865,9,0,0,7
5866,7,0,0,1
5867,1,0,0,6
5868,6,0,0,3
5869,0,0,0,6
5870,1,0,0,6
5871,5,0,0,5
5872,6,0,0,9
5873,5,0,0,8
5874,8,0,0,4
5875,3,0,0,9
5876,9,0,0,3
5877,6,0,0,4
5878,6,0,0,1
5879,0,0,0,4
5880,4,0,0,6
5881,5,0,0,3
5882,0,0,0,6
5883,5,0,0,6
5884,6,0,0,3
5885,4,0,0,6
5886,8,0,0,7
5887,3,0,0,0
5888,6,0,0,9
5889,0,0,0,7
5890,2,0,0,5
5891,2,0,0,9
5892,0,0,0,2
5893,3,0,0,9
5894,7,0,0,3
5895,6,0,0,9
5896,2,0,0,9
5897,4,0,0,9
5898,7,0,0,0
5899,4,0,0,2
5900,2,0,0,9
5901,7,0,0,0
5902,9,0,0,2
5903,1,0,0,7
5904,6,0,0,2
5905,4,0,0,5
5906,7,0,0,1
5907,6,0,0,1
5908,0,0,0,4
5909,4,0,0,5
5910,8,0,0,1
5911,7,0,0,9
5912,1,0,0,2
5913,9,0,0,4
5914,2,0,0,0
5915,6,0,0,2
5916,7,0,0,4
5917,5,0,0,3
5918,2,0,0,3
5919,1,0,0,3
5920,2,0,0,5
5921,2,0,0,5
5922,2,0,0,4
5923,1,0,0,2
5924,8,0,0,3
5925,5,0,0,9
5926,5,0,0,2
5927,2,0,0,9
5928,1,0,0,9
5929,2,0,0,5
5930,4,0,0,2
5931,7,0,0,8
5932,6,0,0,7
5933,2,0,0,0
5934,0,0,0,1
5935,8,0,0,6
5936,2,0,0,8
5937,3,0,0,2
5938,4,0,0,2
5939,1,0,0,2
5940,0,0,0,4
5941,5,0,0,9
5942,5,0,0,3
5943,9,0,0,4
5944,3,0,0,1
5945,2,0,0,8
5946,5,0,0,0
5947,3,0,0,1
5948,2,0,0,5
5949,9,0,0,1
5950,2,0,0,3
5951,4,0,0,4
5952,0,0,0,0
5953,6,0,0,0
5954,0,0,0,8
5955,1,0,0,0
5956,3,0,0,4
5957,5,0,0,9
5958,9,0,0,2
5959,6,0,0,1
5960,6,0,0,0
5961,2,0,0,2
5962,5,0,0,9
5963,7,0,0,6
5964,0,0,0,7
5965,9,0,0,0
5966,4,0,0,7
5967,5,0,0,9
5968,9,0,0,2
5969,3,0,0,6
5970,8,0,0,3
5971,9,0,0,3
5972,3,0,0,5
5973,5,0,0,7
5974,0,0,0,2
5975,7,0,0,2
5976,4,0,0,6
5977,5,0,0,4
5978,7,0,0,7
5979,5,0,0,1
5980,2,0,0,4
5981,9,0,0,0
5982,6,0,0,5
5983,6,0,0,5
5984,5,0,0,8
5985,3,0,0,0
5986,4,0,0,3
5987,8,0,0,9
5988,6,0,0,5
5989,5,0,0,2
5990,3,0,0,7
5991,7,0,0,2
5992,7,0,0,8
5993,9,0,0,9
5994,6,0,0,0
5995,3,0,0,7
5996,1,0,0,4
5997,9,0,0,7
5998,2,0,0,7
5999,5,0,0,8
6000,2,0,0,4
6001,8,0,0,3
6002,3,0,0,4
6003,6,0,0,1
6004,7,0,0,5
6005,0,0,0,5
6006,4,0,0,8
6007,0,0,0,5
6008,7,0,0,3
6009,9,0,0,8
6010,2,0,0,7
6011,9,0,0,2
6012,8,0,0,4
6013,5,0,0,6
6014,8,0,0,7
6015,9,0,0,3
6016,9,0,0,0
6017,8,0,0,9
6018,0,0,0,0
6019,2,0,0,6
6020,0,0,0,6
6021,5,0,0,6
6022,5,0,0,2
6023,3,0,0,4
6024,1,0,0,1
6025,0,0,0,8
6026,1,0,0,5
6027,4,0,0,8
6028,6,0,0,9
6029,4,0,0,2
6030,4,0,0,2
6031,4,0,0,1
6032,9,0,0,0
6033,6,0,0,8
6034,6,0,0,0
6035,3,0,0,0
6036,6,0,0,0
6037,4,0,0,8
6038,9,0,0,3
6039,0,0,0,8
6040,1,0,0,7
6041,0,0,0,6
6042,5,0,0,5
6043,2,0,0,1
6044,9,0,0,5
6045,3,0,0,4
6046,0,0,0,2
6047,1,0,0,0
6048,3,0,0,9
6049,4,0,0,4
6050,4,0,0,4
6051,9,0,0,3
6052,3,0,0,8
6053,1,0,0,5
6054,1,0,0,4
6055,0,0,0,6
6056,4,0,0,9
6057,4,0,0,5
6058,3,0,0,7
6059,6,0,0,8
6060,7,0,0,6
6061,6,0,0,2
6062,7,0,0,4
6063,9,0,0,9
6064,4,0,0,9
6065,6,0,0,0
6066,8,0,0,3
6067,9,0,0,7
6068,2,0,0,7
6069,7,0,0,7
6070,9,0,0,6
6071,4,0,0,1
6072,0,0,0,8
6073,1,0,0,4
6074,8,0,0,8
6075,3,0,0,8
6076,0,0,0,9
6077,0,0,0,4
6078,9,0,0,6
6079,4,0,0,5
6080,7,0,0,7
6081,8,0,0,6
6082,0,0,0,5
6083,4,0,0,9
6084,0,0,0,4
6085,5,0,0,6
6086,5,0,0,0
6087,1,0,0,6
6088,0,0,0,5
6089,7,0,0,0
6090,9,0,0,0
6091,8,0,0,6
6092,8,0,0,5
6093,1,0,0,6
6094,9,0,0,0
6095,8,0,0,9
6096,9,0,0,3
6097,1,0,0,9
6098,8,0,0,9
6099,3,0,0,3
6100,4,0,0,1
6101,6,0,0,6
6102,8,0,0,3
6103,8,0,0,7
6104,8,0,0,1
6105,8,0,0,5
6106,2,0,0,1
6107,7,0,0,2
6108,5,0,0,9
6109,2,0,0,5
6110,9,0,0,3
6111,4,0,0,0
6112,2,0,0,6
6113,5,0,0,1
6114,9,0,0,4
6115,2,0,0,8
6116,0,0,0,3
6117,5,0,0,5
6118,7,0,0,5
6119,7,0,0,2
6120,6,0,0,5
6121,8,0,0,1
6122,6,0,0,6
6123,6,0,0,0
6124,8,0,0,2
6125,6,0,0,9
6126,6,0,0,7
6127,8,0,0,4
6128,0,0,0,1
6129,2,0,0,4
6130,8,0,0,8
6131,2,0,0,6
6132,0,0,0,4
6133,1,0,0,8
6134,4,0,0,0
6135,9,0,0,1
6136,2,0,0,6
6137,4,0,0,6
6138,3,0,0,5
6139,6,0,0,0
6140,1,0,0,7
6141,4,0,0,4
6142,4,0,0,7
6143,8,0,0,0
6144,7,0,0,4
6145,2,0,0,8
6146,4,0,0,2
6147,6,0,0,6
6148,1,0,0,0
6149,3,0,0,7
6150,6,0,0,1
6151,3,0,0,5
6152,2,0,0,2
6153,0,0,0,5
6154,2,0,0,0
6155,7,0,0,9
6156,3,0,0,1
6157,1,0,0,2
6158,4,0,0,9
6159,3,0,0,6
6160,2,0,0,6
6161,2,0,0,8
6162,6,0,0,7
6163,0,0,0,6
6164,9,0,0,7
6165,7,0,0,7
6166,3,0,0,4
6167,4,0,0,4
6168,2,0,0,1
6169,2,0,0,5
6170,1,0,0,0
6171,6,0,0,0
6172,6,0,0,4
6173,2,0,0,4
6174,2,0,0,7
6175,8,0,0,4
6176,6,0,0,5
6177,1,0,0,6
6178,0,0,0,6
6179,8,0,0,1
6180,3,0,0,6
6181,6,0,0,9
6182,1,0,0,5
6183,1,0,0,7
6184,1,0,0,1
6185,8,0,0,4
6186,1,0,0,2
6187,6,0,0,5
6188,7,0,0,1
6189,1,0,0,0
6190,6,0,0,1
6191,3,0,0,0
6192,4,0,0,2
6193,1,0,0,5
6194,9,0,0,1
6195,6,0,0,5
6196,6,0,0,5
6197,1,0,0,5
6198,8,0,0,2
6199,7,0,0,6
6200,2,0,0,4
6201,9,0,0,6
6202,5,0,0,4
6203,8,0,0,3
6204,2,0,0,7
6205,7,0,0,8
6206,3,0,0,1
6207,9,0,0,7
6208,5,0,0,6
6209,3,0,0,3
6210,6,0,0,6
6211,6,0,0,2
6212,6,0,0,6
6213,9,0,0,9
6214,9,0,0,2
6215,3,0,0,6
6216,1,0,0,2
6217,4,0,0,4
6218,5,0,0,2
6219,8,0,0,0
6220,9,0,0,6
6221,9,0,0,4
6222,2,0,0,3
6223,5,0,0,3
6224,7,0,0,8
6225,6,0,0,8
6226,3,0,0,6
6227,3,0,0,6
6228,6,0,0,2
6229,5,0,0,8
6230,7,0,0,6
6231,0,0,0,7
6232,7,0,0,5
6233,2,0,0,8
6234,1,0,0,3
6235,1,0,0,5
6236,7,0,0,1
6237,8,0,0,6
6238,0,0,0,7
6239,7,0,0,6
6240,9,0,0,1
6241,1,0,0,1
6242,8,0,0,7
6243,5,0,0,2
6244,2,0,0,5
6245,4,0,0,9
6246,8,0,0,6
6247,9,0,0,0
6248,8,0,0,1
6249,6,0,0,9
6250,3,0,0,4
6251,2,0,0,0
6252,2,0,0,5
6253,6,0,0,5
6254,1,0,0,7
6255,0,0,0,7
6256,4,0,0,1
6257,7,0,0,3
6258,9,0,0,7
6259,4,0,0,3
6260,6,0,0,3
6261,6,0,0,5
6262,0,0,0,5
6263,2,0,0,1
6264,0,0,0,3
6265,7,0,0,2
6266,9,0,0,1
6267,3,0,0,0
6268,1,0,0,1
6269,2,0,0,6
6270,3,0,0,2
6271,5,0,0,4
6272,8,0,0,7
6273,9,0,0,3
6274,8,0,0,9
6275,1,0,0,5
6276,8,0,0,7
6277,9,0,0,1
6278,3,0,0,1
6279,4,0,0,2
6280,7,0,0,6
6281,5,0,0,9
6282,1,0,0,9
6283,5,0,0,7
6284,3,0,0,5
6285,5,0,0,8
6286,4,0,0,9
6287,3,0,0,3
6288,3,0,0,6
6289,9,0,0,1
6290,2,0,0,2
6291,0,0,0,2
6292,0,0,0,1
6293,6,0,0,7
6294,7,0,0,3
6295,2,0,0,2
6296,6,0,0,7
6297,8,0,0,7
6298,7,0,0,8
6299,3,0,0,7
6300,8,0,0,2
6301,4,0,0,6
6302,0,0,0,0
6303,8,0,0,5
6304,9,0,0,4
6305,4,0,0,3
6306,0,0,0,2
6307,2,0,0,8
6308,9,0,0,2
6309,1,0,0,8
6310,2,0,0,1
6311,8,0,0,4
6312,4,0,0,6
6313,7,0,0,8
6314,4,0,0,9
6315,9,0,0,2
6316,9,0,0,0
6317,0,0,0,2
6318,1,0,0,7
6319,6,0,0,1
6320,7,0,0,0
6321,9,0,0,2
6322,0,0,0,7
6323,7,0,0,7
6324,5,0,0,2
6325,0,0,0,7
6326,9,0,0,9
6327,5,0,0,9
6328,5,0,0,1
6329,8,0,0,2
6330,5,0,0,2
6331,6,0,0,8
6332,6,0,0,3
6333,6,0,0,1
6334,9,0,0,1
6335,2,0,0,8
6336,2,0,0,5
6337,7,0,0,5
6338,9,0,0,2
6339,1,0,0,4
6340,5,0,0,1
6341,8,0,0,8
6342,9,0,0,1
6343,6,0,0,4
6344,1,0,0,7
6345,5,0,0,5
6346,9,0,0,4
6347,5,0,0,3
6348,9,0,0,3
6349,4,0,0,9
6350,9,0,0,2
6351,6,0,0,0
6352,4,0,0,7
6353,1,0,0,6
6354,2,0,0,4
6355,9,0,0,5
6356,4,0,0,5
6357,1,0,0,9
6358,1,0,0,4
6359,2,0,0,1
6360,1,0,0,5
6361,7,0,0,3
6362,0,0,0,9
6363,1,0,0,4
6364,9,0,0,1
6365,4,0,0,1
6366,7,0,0,4
6367,2,0,0,0
6368,0,0,0,8
6369,9,0,0,3
6370,3,0,0,2
6371,2,0,0,8
6372,4,0,0,5
6373,7,0,0,4
6374,6,0,0,2
6375,6,0,0,1
6376,8,0,0,7
6377,6,0,0,6
6378,7,0,0,9
6379,0,0,0,8
6380,2,0,0,8
6381,3,0,0,8
6382,6,0,0,4
6383,4,0,0,9
6384,0,0,0,6
6385,9,0,0,2
6386,4,0,0,6
6387,2,0,0,3
6388,6,0,0,5
6389,6,0,0,7
6390,4,0,0,6
6391,5,0,0,6
6392,4,0,0,4
6393,6,0,0,5
6394,5,0,0,2
6395,9,0,0,8
6396,6,0,0,8
6397,8,0,0,9
6398,9,0,0,6
6399,4,0,0,9
6400,5,0,0,7
6401,2,0,0,0
6402,3,0,0,4
6403,2,0,0,4
6404,5,0,0,2
6405,1,0,0,7
6406,8,0,0,1
6407,6,0,0,4
6408,6,0,0,0
6409,4,0,0,1
6410,0,0,0,2
6411,8,0,0,9
6412,2,0,0,6
6413,0,0,0,9
6414,5,0,0,5
6415,5,0,0,9
6416,1,0,0,5
6417,7,0,0,5
6418,2,0,0,3
6419,8,0,0,3
6420,4,0,0,9
6421,7,0,0,7
6422,7,0,0,8
6423,6,0,0,6
6424,8,0,0,7
6425,9,0,0,8
6426,6,0,0,9
6427,5,0,0,3
6428,6,0,0,5
6429,3,0,0,8
6430,6,0,0,1
6431,1,0,0,5
6432,5,0,0,4
6433,5,0,0,7
6434,0,0,0,7
6435,6,0,0,1
6436,3,0,0,7
6437,6,0,0,4
6438,8,0,0,1
6439,0,0,0,8
6440,6,0,0,4
6441,7,0,0,3
6442,9,0,0,4
6443,9,0,0,6
6444,6,0,0,0
6445,8,0,0,8
6446,2,0,0,8
6447,7,0,0,0
6448,4,0,0,7
6449,5,0,0,1
6450,4,0,0,6
6451,8,0,0,4
6452,4,0,0,2
6453,0,0,0,2
6454,4,0,0,0
6455,1,0,0,9
6456,0,0,0,8
6457,4,0,0,2
6458,6,0,0,8
6459,6,0,0,8
6460,0,0,0,4
6461,0,0,0,9
6462,0,0,0,3
6463,3,0,0,9
6464,5,0,0,5
6465,5,0,0,6
6466,0,0,0,0
6467,8,0,0,1
6468,8,0,0,0
6469,6,0,0,1
6470,8,0,0,1
6471,6,0,0,7
6472,7,0,0,3
6473,5,0,0,6
6474,8,0,0,5
6475,7,0,0,9
6476,0,0,0,8
6477,1,0,0,7
6478,5,0,0,2
6479,7,0,0,0
6480,4,0,0,0
6481,2,0,0,1
6482,7,0,0,0
6483,2,0,0,4
6484,3,0,0,4
6485,2,0,0,4
6486,6,0,0,2
6487,1,0,0,2
6488,2,0,0,1
6489,9,0,0,1
6490,1,0,0,2
6491,2,0,0,2
6492,0,0,0,6
6493,4,0,0,8
6494,6,0,0,2
6495,2,0,0,6
6496,8,0,0,2
6497,7,0,0,5
6498,6,0,0,2
6499,8,0,0,1
6500,1,0,0,0
6501,7,0,0,4
6502,6,0,0,7
6503,5,0,0,5
6504,3,0,0,7
6505,2,0,0,5
6506,0,0,0,1
6507,6,0,0,3
6508,9,0,0,2
6509,9,0,0,1
6510,9,0,0,1
6511,2,0,0,3
6512,1,0,0,1
6513,7,0,0,4
6514,0,0,0,9
6515,7,0,0,7
6516,7,0,0,7
6517,0,0,0,7
6518,2,0,0,5
6519,6,0,0,4
6520,0,0,0,3
6521,9,0,0,8
6522,8,0,0,0
6523,2,0,0,2
6524,4,0,0,3
6525,2,0,0,4
6526,6,0,0,8
6527,3,0,0,1
6528,4,0,0,9
6529,8,0,0,0
6530,0,0,0,0
6531,4,0,0,6
6532,5,0,0,2
6533,6,0,0,4
6534,5,0,0,0
6535,0,0,0,5
6536,9,0,0,4
6537,8,0,0,4
6538,7,0,0,0
6539,2,0,0,7
6540,2,0,0,4
6541,8,0,0,2
6542,1,0,0,6
6543,6,0,0,6
6544,9,0,0,5
6545,7,0,0,6
6546,3,0,0,2
6547,7,0,0,8
6548,0,0,0,2
6549,3,0,0,5
6550,2,0,0,7
6551,4,0,0,6
6552,2,0,0,1
6553,8,0,0,6
6554,5,0,0,6
6555,4,0,0,9
6556,7,0,0,9
6557,0,0,0,9
6558,5,0,0,3
6559,5,0,0,9
6560,3,0,0,9
6561,6,0,0,9
6562,4,0,0,2
6563,0,0,0,5
6564,6,0,0,6
6565,8,0,0,5
6566,7,0,0,5
6567,7,0,0,3
6568,1,0,0,7
6569,6,0,0,5
6570,5,0,0,8
6571,2,0,0,9
6572,1,0,0,2
6573,3,0,0,5
6574,5,0,0,0
6575,0,0,0,6
6576,3,0,0,0
6577,8,0,0,5
6578,3,0,0,0
6579,6,0,0,8
6580,5,0,0,7
6581,3,0,0,8
6582,3,0,0,3
6583,4,0,0,4
6584,0,0,0,9
6585,0,0,0,5
6586,7,0,0,9
6587,1,0,0,8
6588,2,0,0,5
6589,6,0,0,9
6590,1,0,0,9
6591,9,0,0,5
6592,0,0,0,4
6593,4,0,0,9
6594,3,0,0,7
6595,9,0,0,7
6596,0,0,0,0
6597,2,0,0,3
6598,3,0,0,6
6599,0,0,0,7
6600,8,0,0,2
6601,2,0,0,6
6602,9,0,0,8
6603,4,0,0,3
6604,2,0,0,4
6605,5,0,0,2
6606,0,0,0,3
6607,5,0,0,9
6608,9,0,0,7
6609,3,0,0,9
6610,5,0,0,3
6611,0,0,0,2
6612,7,0,0,2
6613,3,0,0,2
6614,6,0,0,6
6615,3,0,0,1
6616,5,0,0,1
6617,9,0,0,0
6618,8,0,0,6
6619,8,0,0,1
6620,0,0,0,4
6621,3,0,0,0
6622,2,0,0,2
6623,2,0,0,3
6624,7,0,0,4
6625,7,0,0,1
6626,1,0,0,4
6627,8,0,0,1
6628,5,0,0,1
6629,9,0,0,8
6630,3,0,0,5
6631,8,0,0,9
6632,1,0,0,7
6633,2,0,0,4
6634,1,0,0,5
6635,1,0,0,5
6636,4,0,0,4
6637,5,0,0,9
6638,0,0,0,0
6639,6,0,0,2
6640,1,0,0,8
6641,3,0,0,0
6642,8,0,0,7
6643,2,0,0,0
6644,1,0,0,0
6645,6,0,0,8
6646,3,0,0,8
6647,1,0,0,8
6648,0,0,0,8
6649,3,0,0,8
6650,2,0,0,0
6651,4,0,0,5
6652,6,0,0,9
6653,4,0,0,2
6654,4,0,0,7
6655,0,0,0,1
6656,4,0,0,5
6657,9,0,0,9
6658,3,0,0,1
6659,9,0,0,9
6660,7,0,0,9
6661,7,0,0,0
6662,6,0,0,5
6663,7,0,0,9
6664,8,0,0,5
6665,7,0,0,4
6666,5,0,0,8
6667,4,0,0,2
6668,5,0,0,5
6669,6,0,0,9
6670,4,0,0,9
6671,2,0,0,6
6672,0,0,0,9
6673,4,0,0,4
6674,5,0,0,5
6675,8,0,0,6
6676,4,0,0,0
6677,2,0,0,5
6678,2,0,0,8
6679,8,0,0,5
6680,9,0,0,6
6681,3,0,0,0
6682,6,0,0,4
6683,5,0,0,1
6684,0,0,0,6
6685,1,0,0,4
6686,7,0,0,1
6687,8,0,0,3
6688,7,0,0,3
6689,5,0,0,6
6690,3,0,0,1
6691,0,0,0,1
6692,5,0,0,1
6693,6,0,0,9
6694,2,0,0,8
6695,0,0,0,0
6696,2,0,0,7
6697,0,0,0,3
6698,6,0,0,7
6699,2,0,0,2
6700,0,0,0,5
6701,4,0,0,3
6702,6,0,0,9
6703,6,0,0,7
6704,6,0,0,4
6705,7,0,0,6
6706,2,0,0,7
6707,1,0,0,8
6708,9,0,0,5
6709,9,0,0,3
6710,7,0,0,5
6711,8,0,0,1
6712,3,0,0,4
6713,7,0,0,4
6714,2,0,0,2
6715,2,0,0,6
6716,5,0,0,9
6717,2,0,0,7
6718,7,0,0,2
6719,0,0,0,4
6720,5,0,0,1
6721,7,0,0,1
6722,2,0,0,2
6723,3,0,0,5
6724,7,0,0,5
6725,8,0,0,8
6726,1,0,0,7
6727,8,0,0,3
6728,5,0,0,3
6729,3,0,0,0
6730,8,0,0,3
6731,6,0,0,6
6732,7,0,0,7
6733,4,0,0,9
6734,6,0,0,1
6735,5,0,0,0
6736,5,0,0,4
6737,6,0,0,4
6738,9,0,0,1
6739,6,0,0,2
6740,6,0,0,4
6741,7,0,0,8
6742,8,0,0,0
6743,9,0,0,1
6744,2,0,0,3
6745,2,0,0,6
6746,8,0,0,0
6747,1,0,0,3
6748,1,0,0,3
6749,1,0,0,5
6750,4,0,0,9
6751,7,0,0,9
6752,5,0,0,8
6753,1,0,0,2
6754,9,0,0,8
6755,1,0,0,4
6756,0,0,0,9
6757,8,0,0,4
6758,9,0,0,5
6759,7,0,0,4
6760,7,0,0,3
6761,8,0,0,7
6762,7,0,0,7
6763,7,0,0,6
6764,8,0,0,0
6765,0,0,0,1
6766,1,0,0,7
6767,2,0,0,1
6768,3,0,0,1
6769,2,0,0,3
6770,7,0,0,4
6771,8,0,0,2
6772,1,0,0,0
6773,6,0,0,0
6774,0,0,0,4
6775,2,0,0,3
6776,3,0,0,5
6777,2,0,0,0
6778,6,0,0,3
6779,3,0,0,3
6780,6,0,0,7
6781,3,0,0,9
6782,0,0,0,5
6783,1,0,0,9
6784,7,0,0,1
6785,1,0,0,7
6786,6,0,0,9
6787,1,0,0,1
6788,9,0,0,5
6789,9,0,0,9
6790,1,0,0,0
6791,8,0,0,3
6792,9,0,0,2
6793,2,0,0,0
6794,9,0,0,0
6795,1,0,0,3
6796,6,0,0,8
6797,0,0,0,2
6798,0,0,0,4
6799,5,0,0,9
6800,3,0,0,2
6801,8,0,0,8
6802,9,0,0,6
6803,3,0,0,6
6804,2,0,0,9
6805,1,0,0,1
6806,2,0,0,5
6807,3,0,0,9
6808,2,0,0,3
6809,7,0,0,2
6810,0,0,0,6
6811,4,0,0,2
6812,9,0,0,0
6813,5,0,0,1
6814,7,0,0,9
6815,8,0,0,7
6816,4,0,0,5
6817,0,0,0,8
6818,5,0,0,0
6819,9,0,0,3
6820,7,0,0,5
6821,8,0,0,6
6822,5,0,0,0
6823,6,0,0,9
6824,2,0,0,9
6825,7,0,0,9
6826,7,0,0,0
6827,2,0,0,1
6828,8,0,0,2
6829,2,0,0,6
6830,1,0,0,7
6831,2,0,0,0
6832,8,0,0,5
6833,6,0,0,7
6834,2,0,0,9
6835,4,0,0,0
6836,5,0,0,7
6837,4,0,0,2
6838,7,0,0,7
6839,5,0,0,0
6840,7,0,0,5
6841,3,0,0,0
6842,2,0,0,1
6843,4,0,0,4
6844,9,0,0,3
6845,3,0,0,1
6846,5,0,0,9
6847,1,0,0,3
6848,0,0,0,4
6849,6,0,0,1
6850,5,0,0,8
6851,0,0,0,5
6852,8,0,0,6
6853,5,0,0,5
6854,6,0,0,8
6855,2,0,0,6
6856,1,0,0,7
6857,0,0,0,8
6858,8,0,0,3
6859,0,0,0,6
6860,3,0,0,8
6861,2,0,0,4
6862,1,0,0,2
6863,1,0,0,5
6864,6,0,0,7
6865,9,0,0,8
6866,1,0,0,6
6867,9,0,0,7
6868,7,0,0,1
6869,3,0,0,5
6870,2,0,0,9
6871,8,0,0,9
6872,9,0,0,9
6873,2,0,0,6
6874,1,0,0,2
6875,6,0,0,9
6876,1,0,0,4
6877,4,0,0,1
6878,0,0,0,3
6879,4,0,0,6
6880,0,0,0,0
6881,3,0,0,3
6882,2,0,0,6
6883,3,0,0,1
6884,0,0,0,2
6885,9,0,0,8
6886,5,0,0,6
6887,3,0,0,2
6888,8,0,0,6
6889,6,0,0,4
6890,6,0,0,4
6891,6,0,0,4
6892,2,0,0,0
6893,4,0,0,3
6894,1,0,0,1
6895,5,0,0,6
6896,7,0,0,5
6897,9,0,0,7
6898,5,0,0,0
6899,7,0,0,2
6900,7,0,0,0
6901,1,0,0,5
6902,2,0,0,0
6903,8,0,0,2
6904,4,0,0,2
6905,5,0,0,5
6906,1,0,0,6
6907,7,0,0,6
6908,4,0,0,2
6909,5,0,0,4
6910,5,0,0,7
6911,0,0,0,4
6912,2,0,0,4
6913,3,0,0,1
6914,3,0,0,2
6915,8,0,0,6
6916,5,0,0,2
6917,3,0,0,3
6918,7,0,0,6
6919,7,0,0,9
6920,9,0,0,9
6921,5,0,0,5
6922,7,0,0,2
6923,0,0,0,9
6924,3,0,0,2
6925,6,0,0,5
6926,4,0,0,0
6927,8,0,0,4
6928,5,0,0,4
6929,4,0,0,2
6930,0,0,0,2
6931,3,0,0,0
6932,9,0,0,7
6933,9,0,0,1
6934,7,0,0,8
6935,2,0,0,5
6936,4,0,0,2
6937,2,0,0,0
6938,3,0,0,8
6939,4,0,0,3
6940,6,0,0,2
6941,3,0,0,6
6942,3,0,0,3
6943,8,0,0,0
6944,5,0,0,7
6945,7,0,0,1
6946,8,0,0,7
6947,7,0,0,9
6948,8,0,0,4
6949,4,0,0,0
6950,6,0,0,8
6951,1,0,0,2
6952,3,0,0,4
6953,6,0,0,5
6954,1,0,0,6
6955,9,0,0,5
6956,7,0,0,0
6957,8,0,0,4
6958,9,0,0,4
6959,6,0,0,1
6960,9,0,0,5
6961,5,0,0,2
6962,4,0,0,3
6963,1,0,0,6
6964,1,0,0,6
6965,4,0,0,2
6966,6,0,0,0
6967,4,0,0,4
6968,4,0,0,6
6969,5,0,0,4
6970,3,0,0,2
6971,8,0,0,5
6972,2,0,0,8
6973,5,0,0,4
6974,5,0,0,9
6975,1,0,0,9
6976,3,0,0,6
6977,0,0,0,8
6978,8,0,0,2
6979,2,0,0,8
6980,7,0,0,4
6981,7,0,0,1
6982,6,0,0,4
6983,8,0,0,8
6984,0,0,0,9
6985,0,0,0,2
6986,0,0,0,7
6987,4,0,0,0
6988,1,0,0,2
6989,1,0,0,9
6990,1,0,0,7
6991,7,0,0,2
6992,6,0,0,4
6993,3,0,0,1
6994,0,0,0,7
6995,1,0,0,4
6996,7,0,0,1
6997,5,0,0,0
6998,9,0,0,7
6999,2,0,0,1
7000,2,0,0,7
7001,0,0,0,4
7002,3,0,0,0
7003,8,0,0,8
7004,7,0,0,1
7005,8,0,0,3
7006,2,0,0,3
7007,9,0,0,6
7008,3,0,0,9
7009,5,0,0,1
7010,0,0,0,2
7011,9,0,0,5
7012,8,0,0,4
7013,7,0,0,2
7014,9,0,0,5
7015,1,0,0,3
7016,6,0,0,1
7017,2,0,0,4
7018,7,0,0,3
7019,2,0,0,0
7020,3,0,0,7
7021,1,0,0,4
7022,7,0,0,3
7023,6,0,0,8
7024,7,0,0,8
7025,0,0,0,2
7026,3,0,0,1
7027,9,0,0,1
7028,6,0,0,2
7029,9,0,0,9
7030,6,0,0,4
7031,1,0,0,9
7032,5,0,0,8
7033,8,0,0,3
7034,9,0,0,1
7035,5,0,0,0
7036,8,0,0,8
7037,6,0,0,2
7038,2,0,0,4
7039,3,0,0,3
7040,3,0,0,8
7041,1,0,0,8
7042,7,0,0,5
7043,5,0,0,4
7044,7,0,0,4
7045,7,0,0,6
7046,6,0,0,7
7047,8,0,0,6
7048,6,0,0,1
7049,4,0,0,9
7050,5,0,0,9
7051,0,0,0,0
7052,2,0,0,1
7053,2,0,0,9
7054,6,0,0,7
7055,5,0,0,2
7056,4,0,0,4
7057,2,0,0,1
7058,1,0,0,3
7059,7,0,0,8
7060,6,0,0,3
7061,5,0,0,0
7062,5,0,0,5
7063,9,0,0,4
7064,6,0,0,2
7065,3,0,0,1
7066,5,0,0,5
7067,5,0,0,0
7068,3,0,0,7
7069,1,0,0,4
7070,6,0,0,3
7071,6,0,0,7
7072,6,0,0,0
7073,0,0,0,7
7074,2,0,0,9
7075,2,0,0,4
7076,9,0,0,9
7077,3,0,0,0
7078,4,0,0,6
7079,8,0,0,4
7080,2,0,0,5
7081,4,0,0,2
7082,4,0,0,5
7083,5,0,0,5
7084,5,0,0,8
7085,4,0,0,5
7086,7,0,0,6
7087,8,0,0,6
7088,7,0,0,1
7089,2,0,0,4
7090,0,0,0,5
7091,8,0,0,2
7092,7,0,0,1
7093,8,0,0,0
7094,6,0,0,9
7095,8,0,0,6
7096,6,0,0,0
7097,0,0,0,1
7098,6,0,0,2
7099,8,0,0,8
7100,1,0,0,3
7101,9,0,0,5
7102,2,0,0,0
7103,5,0,0,4
7104,4,0,0,4
7105,1,0,0,9
7106,1,0,0,2
7107,6,0,0,4
7108,5,0,0,7
7109,6,0,0,6
7110,1,0,0,1
7111,2,0,0,8
7112,0,0,0,8
7113,7,0,0,1
7114,1,0,0,0
7115,5,0,0,8
7116,2,0,0,5
7117,4,0,0,9
7118,8,0,0,7
7119,5,0,0,9
7120,4,0,0,0
7121,8,0,0,4
7122,4,0,0,5
7123,2,0,0,0
7124,0,0,0,1
7125,1,0,0,9
7126,7,0,0,5
7127,2,0,0,0
7128,8,0,0,2
7129,0,0,0,4
7130,2,0,0,3
7131,3,0,0,1
7132,3,0,0,4
7133,0,0,0,3
7134,3,0,0,2
7135,8,0,0,7
7136,5,0,0,2
7137,2,0,0,8
7138,1,0,0,5
7139,8,0,0,5
7140,9,0,0,8
7141,7,0,0,2
7142,1,0,0,2
7143,3,0,0,8
7144,7,0,0,1
7145,6,0,0,1
7146,0,0,0,3
7147,1,0,0,6
7148,0,0,0,0
7149,2,0,0,7
7150,0,0,0,0
7151,8,0,0,1
7152,5,0,0,8
7153,2,0,0,0
7154,4,0,0,7
7155,9,0,0,8
7156,1,0,0,1
7157,0,0,0,9
7158,1,0,0,7
7159,6,0,0,1
7160,1,0,0,5
7161,3,0,0,3
7162,0,0,0,1
7163,0,0,0,1
7164,2,0,0,9
7165,6,0,0,0
7166,5,0,0,0
7167,4,0,0,4
7168,4,0,0,9
7169,8,0,0,0
7170,6,0,0,4
7171,6,0,0,6
7172,7,0,0,6
7173,1,0,0,1
7174,7,0,0,0
7175,2,0,0,4
7176,1,0,0,9
7177,9,0,0,3
7178,2,0,0,2
7179,1,0,0,9
7180,5,0,0,0
7181,3,0,0,2
7182,4,0,0,7
7183,6,0,0,7
7184,0,0,0,5
7185,5,0,0,1
7186,3,0,0,0
7187,2,0,0,1
7188,4,0,0,4
7189,9,0,0,3
7190,2,0,0,0
7191,1,0,0,4
7192,5,0,0,7
7193,2,0,0,7
7194,5,0,0,5
7195,5,0,0,7
7196,5,0,0,3
7197,4,0,0,1
7198,6,0,0,7
7199,7,0,0,7
7200,4,0,0,3
7201,1,0,0,5
7202,8,0,0,9
7203,7,0,0,4
7204,1,0,0,6
7205,0,0,0,2
7206,3,0,0,1
7207,9,0,0,4
7208,3,0,0,7
7209,9,0,0,7
7210,1,0,0,1
7211,3,0,0,2
7212,4,0,0,6
7213,8,0,0,1
7214,9,0,0,4
7215,0,0,0,4
7216,2,0,0,8
7217,8,0,0,9
7218,8,0,0,7
7219,0,0,0,6
7220,6,0,0,1
7221,2,0,0,4
7222,0,0,0,2
7223,3,0,0,7
7224,0,0,0,3
7225,2,0,0,7
7226,5,0,0,4
7227,0,0,0,9
7228,1,0,0,5
7229,9,0,0,9
7230,0,0,0,4
7231,8,0,0,5
7232,1,0,0,0
7233,2,0,0,3
7234,4,0,0,6
7235,2,0,0,2
7236,6,0,0,8
7237,7,0,0,3
7238,1,0,0,9
7239,6,0,0,1
7240,4,0,0,2
7241,3,0,0,3
7242,1,0,0,4
7243,8,0,0,1
7244,8,0,0,1
7245,9,0,0,0
7246,9,0,0,0
7247,5,0,0,4
7248,3,0,0,5
7249,0,0,0,2
7250,3,0,0,5
7251,4,0,0,9
7252,0,0,0,8
7253,4,0,0,5
7254,9,0,0,3
7255,4,0,0,2
7256,5,0,0,3
7257,5,0,0,1
7258,9,0,0,3
7259,4,0,0,7
7260,0,0,0,0
7261,9,0,0,4
7262,7,0,0,8
7263,9,0,0,3
7264,6,0,0,5
7265,8,0,0,6
7266,3,0,0,3
7267,2,0,0,5
7268,3,0,0,4
7269,3,0,0,4
7270,4,0,0,0
7271,2,0,0,4
7272,6,0,0,0
7273,3,0,0,7
7274,6,0,0,1
7275,8,0,0,3
7276,8,0,0,2
7277,2,0,0,1
7278,5,0,0,5
7279,9,0,0,9
7280,0,0,0,9
7281,4,0,0,5
7282,3,0,0,8
7283,7,0,0,1
7284,1,0,0,8
7285,5,0,0,9
7286,7,0,0,6
7287,9,0,0,6
7288,7,0,0,5
7289,1,0,0,5
7290,6,0,0,6
7291,9,0,0,5
7292,0,0,0,1
7293,8,0,0,0
7294,0,0,0,8
7295,6,0,0,1
7296,1,0,0,3
7297,3,0,0,7
7298,7,0,0,3
7299,8,0,0,2
7300,1,0,0,9
7301,0,0,0,6
7302,1,0,0,4
7303,8,0,0,4
7304,2,0,0,3
7305,9,0,0,1
7306,0,0,0,5
7307,2,0,0,7
7308,2,0,0,6
7309,4,0,0,7
7310,0,0,0,0
7311,2,0,0,6
7312,5,0,0,3
7313,5,0,0,7
7314,2,0,0,6
7315,0,0,0,4
7316,8,0,0,6
7317,8,0,0,0
7318,2,0,0,9
7319,9,0,0,5
7320,2,0,0,4
7321,3,0,0,9
7322,9,0,0,1
7323,8,0,0,5
7324,9,0,0,1
7325,1,0,0,4
7326,7,0,0,4
7327,0,0,0,0
7328,2,0,0,4
7329,3,0,0,5
7330,9,0,0,9
7331,5,0,0,6
7332,5,0,0,2
7333,0,0,0,8
7334,7,0,0,1
7335,5,0,0,3
7336,2,0,0,4
7337,7,0,0,9
7338,0,0,0,9
7339,6,0,0,3
7340,8,0,0,7
7341,9,0,0,9
7342,6,0,0,5
7343,8,0,0,5
7344,2,0,0,1
7345,3,0,0,4
7346,8,0,0,1
7347,8,0,0,8
7348,5,0,0,2
7349,8,0,0,5
7350,7,0,0,3
7351,7,0,0,0
7352,3,0,0,0
7353,0,0,0,1
7354,7,0,0,9
7355,5,0,0,6
7356,7,0,0,5
7357,8,0,0,1
7358,3,0,0,6
7359,4,0,0,7
7360,4,0,0,2
7361,9,0,0,7
7362,4,0,0,0
7363,9,0,0,5
7364,2,0,0,6
7365,4,0,0,4
7366,9,0,0,3
7367,8,0,0,8
7368,7,0,0,7
7369,0,0,0,2
7370,9,0,0,1
7371,6,0,0,9
7372,2,0,0,6
7373,7,0,0,0
7374,5,0,0,3
7375,7,0,0,1
7376,1,0,0,7
7377,0,0,0,4
7378,5,0,0,1
7379,5,0,0,7
7380,2,0,0,5
7381,1,0,0,3
7382,7,0,0,3
7383,4,0,0,7
7384,3,0,0,1
7385,3,0,0,1
7386,9,0,0,0
7387,1,0,0,0
7388,3,0,0,5
7389,9,0,0,5
7390,5,0,0,6
7391,6,0,0,7
7392,1,0,0,1
7393,8,0,0,5
7394,6,0,0,8
7395,1,0,0,9
7396,2,0,0,5
7397,9,0,0,2
7398,0,0,0,8
7399,4,0,0,3
7400,5,0,0,7
7401,3,0,0,0
7402,3,0,0,7
7403,9,0,0,6
7404,7,0,0,5
7405,5,0,0,1
7406,9,0,0,4
7407,3,0,0,7
7408,5,0,0,8
7409,8,0,0,5
7410,2,0,0,2
7411,9,0,0,1
7412,5,0,0,3
7413,2,0,0,1
7414,6,0,0,6
7415,9,0,0,6
7416,5,0,0,4
7417,8,0,0,1
7418,5,0,0,0
7419,2,0,0,1
7420,4,0,0,8
7421,6,0,0,9
7422,2,0,0,0
7423,5,0,0,1
7424,3,0,0,2
7425,5,0,0,2
7426,6,0,0,0
7427,9,0,0,5
7428,9,0,0,6
7429,8,0,0,1
7430,1,0,0,3
7431,1,0,0,8
7432,5,0,0,3
7433,4,0,0,1
7434,9,0,0,0
7435,8,0,0,7
7436,6,0,0,7
7437,3,0,0,7
7438,1,0,0,6
7439,9,0,0,5
7440,2,0,0,8
7441,3,0,0,4
7442,5,0,0,0
7443,3,0,0,9
7444,5,0,0,1
7445,4,0,0,1
7446,2,0,0,8
7447,0,0,0,8
7448,4,0,0,8
7449,4,0,0,8
7450,2,0,0,6
7451,3,0,0,2
7452,6,0,0,5
7453,3,0,0,6
7454,1,0,0,1
7455,5,0,0,3
7456,2,0,0,6
7457,8,0,0,0
7458,8,0,0,9
7459,1,0,0,5
7460,2,0,0,6
7461,7,0,0,8
7462,3,0,0,6
7463,7,0,0,4
7464,7,0,0,0
7465,5,0,0,2
7466,4,0,0,4
7467,6,0,0,6
7468,6,0,0,0
7469,4,0,0,7
7470,9,0,0,9
7471,7,0,0,6
7472,6,0,0,4
7473,4,0,0,1
7474,7,0,0,7
7475,6,0,0,1
7476,2,0,0,5
7477,0,0,0,1
7478,0,0,0,3
7479,1,0,0,1
7480,5,0,0,0
7481,9,0,0,2
7482,6,0,0,0
7483,5,0,0,9
7484,7,0,0,1
7485,0,0,0,2
7486,7,0,0,2
7487,4,0,0,9
7488,2,0,0,9
7489,6,0,0,3
7490,6,0,0,5
7491,2,0,0,2
7492,6,0,0,5
7493,8,0,0,9
7494,2,0,0,0
7495,3,0,0,4
7496,8,0,0,4
7497,6,0,0,3
7498,8,0,0,8
7499,3,0,0,1
7500,6,0,0,5
7501,5,0,0,6
7502,1,0,0,2
7503,0,0,0,7
7504,5,0,0,0
7505,8,0,0,8
7506,7,0,0,4
7507,2,0,0,7
7508,2,0,0,1
7509,1,0,0,5
7510,7,0,0,9
7511,1,0,0,4
7512,3,0,0,9
7513,6,0,0,3
7514,6,0,0,2
7515,0,0,0,7
7516,8,0,0,9
7517,3,0,0,3
7518,1,0,0,9
7519,2,0,0,4
7520,4,0,0,1
7521,8,0,0,1
7522,7,0,0,0
7523,0,0,0,2
7524,6,0,0,7
7525,5,0,0,0
7526,3,0,0,0
7527,2,0,0,6
7528,9,0,0,7
7529,5,0,0,1
7530,0,0,0,6
7531,5,0,0,4
7532,8,0,0,3
7533,6,0,0,1
7534,7,0,0,6
7535,9,0,0,2
7536,4,0,0,0
7537,5,0,0,7
7538,9,0,0,6
7539,5,0,0,0
7540,1,0,0,1
7541,1,0,0,2
7542,9,0,0,2
7543,4,0,0,7
7544,8,0,0,2
7545,8,0,0,9
7546,7,0,0,0
7547,6,0,0,4
7548,2,0,0,5
7549,3,0,0,9
7550,0,0,0,5
7551,6,0,0,9
7552,0,0,0,3
7553,7,0,0,1
7554,2,0,0,3
7555,9,0,0,7
7556,9,0,0,5
7557,5,0,0,8
7558,7,0,0,9
7559,6,0,0,2
7560,3,0,0,4
7561,5,0,0,6
7562,6,0,0,8
7563,4,0,0,3
7564,5,0,0,0
7565,0,0,0,9
7566,9,0,0,5
7567,0,0,0,8
7568,9,0,0,1
7569,5,0,0,8
7570,7,0,0,7
7571,9,0,0,3
7572,2,0,0,9
7573,6,0,0,4
7574,1,0,0,2
7575,0,0,0,3
7576,4,0,0,6
7577,3,0,0,7
7578,2,0,0,5
7579,8,0,0,3
7580,0,0,0,6
7581,2,0,0,0
7582,6,0,0,6
7583,5,0,0,6
7584,6,0,0,0
7585,5,0,0,3
7586,0,0,0,4
7587,4,0,0,0
7588,9,0,0,4
7589,4,0,0,6
7590,6,0,0,0
7591,1,0,0,3
7592,7,0,0,5
7593,5,0,0,0
7594,8,0,0,1
7595,2,0,0,9
7596,9,0,0,3
7597,4,0,0,2
7598,2,0,0,4
7599,9,0,0,8
7600,0,0,0,5
7601,1,0,0,3
7602,1,0,0,9
7603,7,0,0,9
7604,2,0,0,8
7605,5,0,0,9
7606,6,0,0,9
7607,8,0,0,6
7608,5,0,0,9
7609,9,0,0,1
7610,1,0,0,9
7611,1,0,0,4
7612,3,0,0,8
7613,6,0,0,8
7614,8,0,0,6
7615,0,0,0,2
7616,9,0,0,8
7617,2,0,0,0
7618,0,0,0,0
7619,9,0,0,8
7620,0,0,0,6
7621,9,0,0,4
7622,4,0,0,3
7623,1,0,0,8
7624,9,0,0,0
7625,9,0,0,3
7626,0,0,0,3
7627,8,0,0,3
7628,0,0,0,5
7629,1,0,0,1
7630,4,0,0,5
7631,7,0,0,7
7632,0,0,0,0
7633,7,0,0,3
7634,2,0,0,9
7635,3,0,0,9
7636,6,0,0,0
7637,9,0,0,6
7638,7,0,0,5
7639,5,0,0,9
7640,0,0,0,7
7641,7,0,0,1
7642,1,0,0,0
7643,8,0,0,9
7644,0,0,0,6
7645,7,0,0,3
7646,0,0,0,2
7647,7,0,0,4
7648,5,0,0,4
7649,5,0,0,5
7650,0,0,0,4
7651,0,0,0,0
7652,2,0,0,4
7653,6,0,0,4
7654,6,0,0,7
7655,6,0,0,2
7656,5,0,0,0
7657,8,0,0,3
7658,6,0,0,6
7659,6,0,0,3
7660,5,0,0,6
7661,3,0,0,8
7662,1,0,0,4
7663,9,0,0,3
7664,4,0,0,0
7665,7,0,0,2
7666,9,0,0,4
7667,7,0,0,0
7668,7,0,0,0
7669,3,0,0,3
7670,6,0,0,1
7671,0,0,0,5
7672,8,0,0,9
7673,9,0,0,8
7674,6,0,0,0
7675,7,0,0,3
7676,7,0,0,4
7677,1,0,0,6
7678,8,0,0,2
7679,4,0,0,4
7680,0,0,0,7
7681,4,0,0,6
7682,8,0,0,5
7683,6,0,0,6
7684,6,0,0,5
7685,2,0,0,0
7686,1,0,0,8
7687,8,0,0,9
7688,8,0,0,9
7689,1,0,0,0
7690,3,0,0,0
7691,3,0,0,1
7692,9,0,0,0
7693,9,0,0,6
7694,7,0,0,8
7695,4,0,0,7
7696,9,0,0,2
7697,5,0,0,8
7698,3,0,0,4
7699,5,0,0,5
7700,1,0,0,4
7701,5,0,0,7
7702,2,0,0,1
7703,3,0,0,0
7704,2,0,0,0
7705,7,0,0,1
7706,5,0,0,8
7707,4,0,0,0
7708,6,0,0,7
7709,2,0,0,1
7710,5,0,0,0
7711,7,0,0,8
7712,9,0,0,6
7713,0,0,0,8
7714,3,0,0,4
7715,7,0,0,1
7716,5,0,0,8
7717,6,0,0,2
7718,4,0,0,1
7719,9,0,0,2
7720,6,0,0,3
7721,1,0,0,7
7722,2,0,0,4
7723,0,0,0,2
7724,1,0,0,4
7725,8,0,0,1
7726,7,0,0,2
7727,2,0,0,6
7728,1,0,0,8
7729,3,0,0,1
7730,6,0,0,2
7731,0,0,0,4
7732,6,0,0,9
7733,3,0,0,3
7734,0,0,0,8
7735,8,0,0,1
7736,5,0,0,2
7737,1,0,0,5
7738,8,0,0,6
7739,8,0,0,1
7740,0,0,0,1
7741,9,0,0,6
7742,1,0,0,2
7743,2,0,0,1
7744,5,0,0,3
7745,2,0,0,3
7746,8,0,0,1
7747,7,0,0,3
7748,3,0,0,2
7749,6,0,0,1
7750,5,0,0,2
7751,8,0,0,0
7752,7,0,0,3
7753,7,0,0,2
7754,7,0,0,3
7755,2,0,0,9
7756,8,0,0,1
7757,9,0,0,4
7758,5,0,0,8
7759,9,0,0,8
7760,1,0,0,5
7761,5,0,0,4
7762,4,0,0,4
7763,0,0,0,4
7764,5,0,0,4
7765,9,0,0,2
7766,8,0,0,3
7767,4,0,0,5
7768,2,0,0,6
7769,2,0,0,2
7770,4,0,0,1
7771,2,0,0,9
7772,0,0,0,6
7773,7,0,0,3
7774,4,0,0,3
7775,5,0,0,5
7776,5,0,0,2
7777,2,0,0,0
7778,5,0,0,6
7779,0,0,0,6
7780,7,0,0,3
7781,7,0,0,5
7782,3,0,0,9
7783,1,0,0,4
7784,5,0,0,4
7785,0,0,0,9
7786,0,0,0,2
7787,5,0,0,5
7788,9,0,0,7
7789,0,0,0,0
7790,2,0,0,2
7791,5,0,0,4
7792,1,0,0,6
7793,9,0,0,0
7794,7,0,0,2
7795,1,0,0,9
7796,8,0,0,9
7797,1,0,0,2
7798,4,0,0,8
7799,0,0,0,6
7800,9,0,0,0
7801,1,0,0,8
7802,1,0,0,1
7803,5,0,0,7
7804,7,0,0,6
7805,9,0,0,6
7806,4,0,0,5
7807,3,0,0,6
7808,4,0,0,3
7809,7,0,0,3
7810,7,0,0,7
7811,5,0,0,6
7812,0,0,0,4
7813,7,0,0,3
7814,2,0,0,9
7815,4,0,0,9
7816,8,0,0,1
7817,8,0,0,6
7818,0,0,0,4
7819,9,0,0,1
7820,3,0,0,6
7821,3,0,0,6
7822,6,0,0,1
7823,9,0,0,0
7824,9,0,0,7
7825,0,0,0,2
7826,8,0,0,5
7827,5,0,0,7
7828,8,0,0,3
7829,1,0,0,5
7830,5,0,0,5
7831,8,0,0,3
7832,0,0,0,0
7833,0,0,0,9
7834,4,0,0,5
7835,5,0,0,5
7836,2,0,0,2
7837,6,0,0,9
7838,2,0,0,8
7839,1,0,0,2
7840,2,0,0,2
7841,6,0,0,8
7842,1,0,0,4
7843,7,0,0,2
7844,3,0,0,9
7845,3,0,0,4
7846,9,0,0,4
7847,7,0,0,9
7848,3,0,0,2
7849,1,0,0,5
7850,9,0,0,8
7851,1,0,0,4
7852,9,0,0,3
7853,0,0,0,4
7854,0,0,0,5
7855,0,0,0,0
7856,0,0,0,1
7857,5,0,0,5
7858,2,0,0,5
7859,0,0,0,4
7860,1,0,0,9
7861,8,0,0,4
7862,7,0,0,6
7863,9,0,0,0
7864,5,0,0,9
7865,8,0,0,1
7866,9,0,0,6
7867,0,0,0,6
7868,1,0,0,3
7869,8,0,0,9
7870,1,0,0,6
7871,9,0,0,5
7872,8,0,0,3
7873,1,0,0,6
7874,8,0,0,4
7875,0,0,0,0
7876,3,0,0,8
7877,7,0,0,2
7878,5,0,0,8
7879,3,0,0,9
7880,4,0,0,3
7881,7,0,0,1
7882,6,0,0,2
7883,2,0,0,4
7884,7,0,0,4
7885,6,0,0,3
7886,1,0,0,2
7887,1,0,0,0
7888,5,0,0,4
7889,9,0,0,7
7890,1,0,0,9
7891,6,0,0,4
7892,2,0,0,8
7893,7,0,0,1
7894,5,0,0,9
7895,4,0,0,8
7896,0,0,0,7
7897,0,0,0,8
7898,5,0,0,4
7899,8,0,0,1
7900,9,0,0,4
7901,3,0,0,0
7902,2,0,0,2
7903,8,0,0,0
7904,3,0,0,2
7905,9,0,0,5
7906,0,0,0,6
7907,3,0,0,3
7908,0,0,0,9
7909,1,0,0,4
7910,7,0,0,7
7911,1,0,0,5
7912,4,0,0,4
7913,5,0,0,3
7914,2,0,0,0
7915,9,0,0,2
7916,4,0,0,8
7917,1,0,0,4
7918,1,0,0,9
7919,3,0,0,1
7920,0,0,0,1
7921,7,0,0,0
7922,2,0,0,2
7923,7,0,0,4
7924,4,0,0,3
7925,2,0,0,4
7926,0,0,0,2
7927,8,0,0,3
7928,5,0,0,4
7929,6,0,0,1
7930,2,0,0,3
7931,9,0,0,0
7932,3,0,0,8
7933,7,0,0,8
7934,3,0,0,9
7935,9,0,0,0
7936,8,0,0,8
7937,0,0,0,8
7938,1,0,0,4
7939,3,0,0,9
7940,0,0,0,4
7941,4,0,0,4
7942,3,0,0,4
7943,4,0,0,5
7944,3,0,0,5
7945,8,0,0,2
7946,8,0,0,4
7947,4,0,0,3
7948,1,0,0,0
7949,5,0,0,7
7950,4,0,0,2
7951,6,0,0,0
7952,6,0,0,0
7953,1,0,0,5
7954,1,0,0,2
7955,4,0,0,7
7956,6,0,0,1
7957,4,0,0,4
7958,2,0,0,8
7959,5,0,0,6
7960,7,0,0,1
7961,5,0,0,7
7962,7,0,0,5
7963,5,0,0,1
7964,9,0,0,2
7965,3,0,0,4
7966,7,0,0,3
7967,6,0,0,6
7968,2,0,0,6
7969,9,0,0,9
7970,2,0,0,1
7971,2,0,0,8
7972,9,0,0,8
7973,4,0,0,4
7974,2,0,0,7
7975,5,0,0,0
7976,3,0,0,6
7977,8,0,0,7
7978,2,0,0,5
7979,3,0,0,7
7980,5,0,0,5
7981,9,0,0,7
7982,0,0,0,8
7983,4,0,0,3
7984,2,0,0,4
7985,7,0,0,0
7986,6,0,0,8
7987,8,0,0,4
7988,0,0,0,7
7989,0,0,0,7
7990,0,0,0,4
7991,0,0,0,1
7992,4,0,0,8
7993,1,0,0,1
7994,3,0,0,8
7995,4,0,0,4
7996,7,0,0,4
7997,5,0,0,8
7998,5,0,0,0
7999,6,0,0,9
8000,8,0,0,0
8001,4,0,0,1
8002,4,0,0,8
8003,7,0,0,2
8004,6,0,0,6
8005,3,0,0,6
8006,3,0,0,6
8007,8,0,0,0
8008,0,0,0,8
8009,6,0,0,5
8010,4,0,0,1
8011,0,0,0,3
8012,5,0,0,7
8013,0,0,0,7
8014,8,0,0,8
8015,1,0,0,0
8016,3,0,0,6
8017,4,0,0,8
8018,6,0,0,4
8019,8,0,0,9
8020,6,0,0,4
8021,3,0,0,5
8022,4,0,0,4
8023,1,0,0,2
8024,3,0,0,7
8025,0,0,0,2
8026,9,0,0,1
8027,8,0,0,6
8028,5,0,0,3
8029,8,0,0,2
8030,3,0,0,9
8031,2,0,0,9
8032,5,0,0,8
8033,8,0,0,2
8034,4,0,0,3
8035,4,0,0,4
8036,0,0,0,5
8037,9,0,0,5
8038,8,0,0,6
8039,8,0,0,1
8040,3,0,0,5
8041,0,0,0,5
8042,4,0,0,6
8043,8,0,0,0
8044,2,0,0,2
8045,7,0,0,9
8046,5,0,0,0
8047,8,0,0,7
8048,3,0,0,4
8049,4,0,0,5
8050,5,0,0,6
8051,7,0,0,0
8052,4,0,0,1
8053,8,0,0,7
8054,0,0,0,1
8055,2,0,0,1
8056,1,0,0,4
8057,0,0,0,5
8058,1,0,0,6
8059,9,0,0,8
8060,1,0,0,3
8061,2,0,0,2
8062,1,0,0,7
8063,0,0,0,2
8064,1,0,0,2
8065,8,0,0,9
8066,9,0,0,5
8067,3,0,0,1
8068,0,0,0,6
8069,4,0,0,3
8070,3,0,0,9
8071,7,0,0,9
8072,3,0,0,5
8073,1,0,0,3
8074,5,0,0,9
8075,9,0,0,6
8076,9,0,0,4
8077,1,0,0,3
8078,9,0,0,2
8079,2,0,0,8
8080,3,0,0,3
8081,0,0,0,8
8082,6,0,0,4
8083,0,0,0,3
8084,7,0,0,5
8085,5,0,0,1
8086,1,0,0,4
8087,0,0,0,0
8088,0,0,0,4
8089,9,0,0,8
8090,5,0,0,9
8091,3,0,0,1
8092,7,0,0,6
8093,7,0,0,6
8094,8,0,0,6
8095,1,0,0,7
8096,6,0,0,0
8097,5,0,0,9
8098,5,0,0,5
8099,1,0,0,8
8100,3,0,0,5
8101,7,0,0,3
8102,6,0,0,2
8103,5,0,0,8
8104,5,0,0,2
8105,1,0,0,9
8106,8,0,0,5
8107,3,0,0,7
8108,9,0,0,0
8109,0,0,0,9
8110,6,0,0,4
8111,3,0,0,5
8112,6,0,0,6
8113,3,0,0,5
8114,5,0,0,3
8115,4,0,0,4
8116,6,0,0,7
8117,8,0,0,5
8118,2,0,0,1
8119,4,0,0,1
8120,9,0,0,6
8121,1,0,0,5
8122,5,0,0,5
8123,1,0,0,0
8124,6,0,0,8
8125,7,0,0,5
8126,5,0,0,1
8127,9,0,0,3
8128,8,0,0,1
8129,4,0,0,1
8130,0,0,0,4
8131,7,0,0,6
8132,5,0,0,6
8133,8,0,0,1
8134,5,0,0,9
8135,5,0,0,1
8136,0,0,0,9
8137,9,0,0,8
8138,3,0,0,1
8139,5,0,0,5
8140,3,0,0,3
8141,4,0,0,5
8142,5,0,0,0
8143,7,0,0,8
8144,2,0,0,8
8145,7,0,0,9
8146,3,0,0,1
8147,0,0,0,5
8148,1,0,0,2
8149,2,0,0,9
8150,1,0,0,6
8151,4,0,0,0
8152,5,0,0,7
8153,6,0,0,6
8154,5,0,0,5
8155,8,0,0,5
8156,7,0,0,7
8157,6,0,0,4
8158,3,0,0,3
8159,7,0,0,4
8160,4,0,0,7
8161,8,0,0,9
8162,8,0,0,5
8163,5,0,0,6
8164,5,0,0,6
8165,2,0,0,6
8166,4,0,0,0
8167,7,0,0,2
8168,8,0,0,8
8169,4,0,0,3
8170,6,0,0,9
8171,1,0,0,4
8172,4,0,0,2
8173,4,0,0,5
8174,5,0,0,4
8175,3,0,0,7
8176,6,0,0,4
8177,1,0,0,3
8178,2,0,0,3
8179,1,0,0,2
8180,3,0,0,4
8181,8,0,0,9
8182,1,0,0,2
8183,1,0,0,1
8184,3,0,0,3
8185,5,0,0,5
8186,5,0,0,7
8187,7,0,0,8
8188,5,0,0,5
8189,3,0,0,7
8190,7,0,0,6
8191,6,0,0,8
8192,7,0,0,6
8193,2,0,0,7
8194,1,0,0,3
8195,1,0,0,2
8196,7,0,0,6
8197,2,0,0,4
8198,4,0,0,8
8199,5,0,0,7
8200,1,0,0,1
8201,7,0,0,6
8202,3,0,0,6
8203,9,0,0,2
8204,6,0,0,1
8205,1,0,0,7
8206,4,0,0,0
8207,0,0,0,8
8208,6,0,0,5
8209,6,0,0,9
8210,3,0,0,1
8211,0,0,0,1
8212,6,0,0,2
8213,8,0,0,1
8214,5,0,0,1
8215,1,0,0,5
8216,6,0,0,3
8217,7,0,0,6
8218,9,0,0,0
8219,5,0,0,8
8220,9,0,0,3
8221,4,0,0,4
8222,9,0,0,7
8223,2,0,0,6
8224,8,0,0,5
8225,5,0,0,7
8226,4,0,0,6
8227,6,0,0,7
8228,5,0,0,9
8229,3,0,0,4
8230,2,0,0,8
8231,7,0,0,6
8232,8,0,0,4
8233,6,0,0,3
8234,5,0,0,5
8235,0,0,0,1
8236,5,0,0,9
8237,4,0,0,2
8238,0,0,0,2
8239,7,0,0,6
8240,1,0,0,9
8241,3,0,0,2
8242,7,0,0,4
8243,0,0,0,1
8244,6,0,0,4
8245,8,0,0,5
8246,1,0,0,0
8247,0,0,0,4
8248,9,0,0,3
8249,5,0,0,5
8250,2,0,0,0
8251,0,0,0,6
8252,4,0,0,6
8253,0,0,0,4
8254,8,0,0,9
8255,1,0,0,7
8256,8,0,0,0
8257,1,0,0,1
8258,7,0,0,7
8259,0,0,0,7
8260,8,0,0,5
8261,6,0,0,9
8262,4,0,0,7
8263,7,0,0,6
8264,8,0,0,1
8265,1,0,0,8
8266,2,0,0,1
8267,4,0,0,6
8268,4,0,0,5
8269,9,0,0,2
8270,5,0,0,8
8271,2,0,0,0
8272,5,0,0,3
8273,0,0,0,2
8274,3,0,0,4
8275,2,0,0,7
8276,5,0,0,9
8277,9,0,0,0
8278,3,0,0,9
8279,1,0,0,4
8280,3,0,0,0
8281,1,0,0,4
8282,5,0,0,0
8283,4,0,0,2
8284,3,0,0,1
8285,3,0,0,0
8286,9,0,0,0
8287,2,0,0,5
8288,4,0,0,2
8289,6,0,0,6
8290,5,0,0,6
8291,0,0,0,7
8292,8,0,0,9
8293,8,0,0,8
8294,8,0,0,2
8295,7,0,0,0
8296,4,0,0,9
8297,3,0,0,9
8298,7,0,0,4
8299,8,0,0,7
8300,6,0,0,8
8301,4,0,0,2
8302,5,0,0,2
8303,3,0,0,5
8304,5,0,0,4
8305,0,0,0,9
8306,6,0,0,2
8307,1,0,0,3
8308,2,0,0,9
8309,7,0,0,3
8310,1,0,0,0
8311,4,0,0,6
8312,8,0,0,3
8313,4,0,0,5
8314,0,0,0,1
8315,9,0,0,2
8316,6,0,0,8
8317,3,0,0,6
8318,9,0,0,5
8319,1,0,0,5
8320,9,0,0,1
8321,2,0,0,8
8322,8,0,0,8
8323,5,0,0,1
8324,3,0,0,7
8325,6,0,0,8
8326,4,0,0,0
8327,3,0,0,6
8328,4,0,0,6
8329,5,0,0,6
8330,5,0,0,1
8331,5,0,0,2
8332,2,0,0,7
8333,7,0,0,6
8334,4,0,0,1
8335,3,0,0,8
8336,8,0,0,6
8337,8,0,0,7
8338,7,0,0,8
8339,9,0,0,5
8340,1,0,0,5
8341,4,0,0,6
8342,5,0,0,5
8343,6,0,0,3
8344,5,0,0,6
8345,9,0,0,3
8346,1,0,0,5
8347,9,0,0,9
8348,8,0,0,5
8349,4,0,0,8
8350,0,0,0,6
8351,8,0,0,4
8352,0,0,0,7
8353,2,0,0,9
8354,8,0,0,7
8355,0,0,0,3
8356,5,0,0,3
8357,4,0,0,9
8358,0,0,0,7
8359,7,0,0,4
8360,2,0,0,4
8361,4,0,0,1
8362,3,0,0,1
8363,2,0,0,8
8364,1,0,0,1
8365,8,0,0,2
8366,1,0,0,9
8367,7,0,0,4
8368,5,0,0,0
8369,6,0,0,5
8370,4,0,0,1
8371,5,0,0,9
8372,0,0,0,2
8373,2,0,0,8
8374,1,0,0,1
8375,7,0,0,0
8376,5,0,0,4
8377,0,0,0,7
8378,3,0,0,9
8379,5,0,0,4
8380,7,0,0,9
8381,6,0,0,0
8382,3,0,0,5
8383,5,0,0,4
8384,5,0,0,0
8385,9,0,0,3
8386,4,0,0,6
8387,2,0,0,7
8388,8,0,0,4
8389,6,0,0,7
8390,9,0,0,5
8391,0,0,0,6
8392,1,0,0,4
8393,7,0,0,6
8394,6,0,0,5
8395,8,0,0,4
8396,4,0,0,2
8397,8,0,0,4
8398,5,0,0,1
8399,5,0,0,4
8400,6,0,0,4
8401,0,0,0,4
8402,8,0,0,9
8403,5,0,0,7
8404,0,0,0,4
8405,5,0,0,5
8406,6,0,0,9
8407,8,0,0,3
8408,7,0,0,2
8409,5,0,0,7
8410,2,0,0,1
8411,7,0,0,2
8412,8,0,0,2
8413,6,0,0,8
8414,7,0,0,8
8415,7,0,0,3
8416,6,0,0,3
8417,5,0,0,5
8418,4,0,0,6
8419,4,0,0,7
8420,7,0,0,0
8421,3,0,0,7
8422,0,0,0,6
8423,2,0,0,6
8424,7,0,0,5
8425,0,0,0,6
8426,4,0,0,4
8427,5,0,0,5
8428,9,0,0,0
8429,1,0,0,2
8430,8,0,0,9
8431,3,0,0,6
8432,8,0,0,3
8433,2,0,0,8
8434,5,0,0,0
8435,2,0,0,6
8436,7,0,0,4
8437,0,0,0,6
8438,3,0,0,9
8439,7,0,0,9
8440,4,0,0,2
8441,0,0,0,8
8442,9,0,0,4
8443,1,0,0,1
8444,0,0,0,0
8445,0,0,0,3
8446,1,0,0,8
8447,7,0,0,9
8448,7,0,0,2
8449,4,0,0,1
8450,7,0,0,4
8451,9,0,0,9
8452,8,0,0,2
8453,5,0,0,6
8454,9,0,0,9
8455,2,0,0,6
8456,2,0,0,1
8457,5,0,0,6
8458,0,0,0,6
8459,9,0,0,6
8460,8,0,0,1
8461,7,0,0,1
8462,9,0,0,1
8463,9,0,0,4
8464,0,0,0,9
8465,5,0,0,6
8466,5,0,0,3
8467,3,0,0,8
8468,2,0,0,8
8469,8,0,0,2
8470,1,0,0,2
8471,0,0,0,2
8472,7,0,0,5
8473,9,0,0,4
8474,0,0,0,7
8475,0,0,0,5
8476,7,0,0,1
8477,3,0,0,9
8478,6,0,0,6
8479,0,0,0,3
8480,9,0,0,0
8481,3,0,0,3
8482,5,0,0,7
8483,2,0,0,3
8484,6,0,0,4
8485,2,0,0,2
8486,7,0,0,9
8487,5,0,0,1
8488,8,0,0,0
8489,0,0,0,0
8490,4,0,0,8
8491,9,0,0,9
8492,6,0,0,6
8493,5,0,0,3
8494,0,0,0,6
8495,7,0,0,0
8496,7,0,0,5
8497,9,0,0,5
8498,1,0,0,8
8499,1,0,0,7
8500,2,0,0,3
8501,5,0,0,7
8502,1,0,0,3
8503,2,0,0,7
8504,0,0,0,1
8505,2,0,0,5
8506,9,0,0,8
8507,3,0,0,8
8508,2,0,0,7
8509,0,0,0,1
8510,5,0,0,0
8511,9,0,0,0
8512,5,0,0,9
8513,9,0,0,6
8514,4,0,0,6
8515,8,0,0,1
8516,6,0,0,4
8517,6,0,0,9
8518,9,0,0,6
8519,3,0,0,0
8520,3,0,0,7
8521,4,0,0,9
8522,2,0,0,3
8523,1,0,0,3
8524,2,0,0,5
8525,7,0,0,6
8526,0,0,0,9
8527,7,0,0,7
8528,9,0,0,8
8529,0,0,0,6
8530,4,0,0,4
8531,2,0,0,5
8532,0,0,0,9
8533,9,0,0,4
8534,1,0,0,8
8535,1,0,0,8
8536,5,0,0,2
8537,2,0,0,6
8538,0,0,0,0
8539,8,0,0,4
8540,6,0,0,5
8541,0,0,0,5
8542,2,0,0,8
8543,6,0,0,5
8544,7,0,0,8
8545,3,0,0,7
8546,6,0,0,0
8547,9,0,0,0
8548,1,0,0,3
8549,5,0,0,6
8550,8,0,0,7
8551,5,0,0,4
8552,4,0,0,5
8553,7,0,0,4
8554,2,0,0,1
8555,1,0,0,1
8556,8,0,0,5
8557,0,0,0,6
8558,8,0,0,4
8559,3,0,0,9
8560,8,0,0,5
8561,9,0,0,5
8562,2,0,0,3
8563,2,0,0,4
8564,0,0,0,6
8565,8,0,0,0
8566,6,0,0,6
8567,8,0,0,7
8568,6,0,0,7
8569,2,0,0,8
8570,5,0,0,9
8571,8,0,0,4
8572,1,0,0,5
8573,9,0,0,7
8574,8,0,0,5
8575,5,0,0,0
8576,3,0,0,7
8577,3,0,0,9
8578,5,0,0,4
8579,4,0,0,7
8580,1,0,0,5
8581,9,0,0,5
8582,0,0,0,3
8583,1,0,0,6
8584,1,0,0,5
8585,8,0,0,3
8586,0,0,0,6
8587,5,0,0,4
8588,5,0,0,1
8589,4,0,0,0
8590,9,0,0,8
8591,2,0,0,6
8592,8,0,0,9
8593,4,0,0,6
8594,3,0,0,9
8595,5,0,0,6
8596,8,0,0,5
8597,9,0,0,0
8598,8,0,0,7
8599,5,0,0,5
8600,7,0,0,9
8601,6,0,0,0
8602,0,0,0,9
8603,9,0,0,3
8604,2,0,0,9
8605,7,0,0,4
8606,4,0,0,0
8607,6,0,0,7
8608,8,0,0,0
8609,8,0,0,1
8610,6,0,0,7
8611,6,0,0,1
8612,6,0,0,5
8613,2,0,0,8
8614,3,0,0,1
8615,4,0,0,0
8616,3,0,0,5
8617,2,0,0,8
8618,2,0,0,4
8619,8,0,0,2
8620,1,0,0,7
8621,9,0,0,5
8622,4,0,0,4
8623,4,0,0,6
8624,7,0,0,7
8625,4,0,0,9
8626,7,0,0,3
8627,7,0,0,3
8628,4,0,0,2
8629,9,0,0,2
8630,1,0,0,5
8631,9,0,0,2
8632,0,0,0,9
8633,2,0,0,8
8634,2,0,0,0
8635,0,0,0,6
8636,4,0,0,5
8637,9,0,0,3
8638,4,0,0,7
8639,0,0,0,6
8640,4,0,0,3
8641,6,0,0,3
8642,5,0,0,5
8643,6,0,0,9
8644,0,0,0,6
8645,3,0,0,0
8646,8,0,0,2
8647,8,0,0,3
8648,3,0,0,3
8649,4,0,0,5
8650,8,0,0,2
8651,8,0,0,3
8652,1,0,0,7
8653,4,0,0,2
8654,2,0,0,1
8655,0,0,0,8
8656,7,0,0,1
8657,6,0,0,4
8658,2,0,0,0
8659,4,0,0,9
8660,2,0,0,8
8661,1,0,0,3
8662,2,0,0,8
8663,8,0,0,1
8664,4,0,0,1
8665,9,0,0,0
8666,4,0,0,5
8667,3,0,0,5
8668,5,0,0,4
8669,6,0,0,6
8670,4,0,0,6
8671,5,0,0,8
8672,8,0,0,0
8673,4,0,0,1
8674,2,0,0,9
8675,1,0,0,8
8676,0,0,0,8
8677,5,0,0,9
8678,0,0,0,3
8679,7,0,0,0
8680,3,0,0,9
8681,4,0,0,5
8682,3,0,0,6
8683,1,0,0,6
8684,5,0,0,3
8685,7,0,0,7
8686,5,0,0,8
8687,9,0,0,5
8688,5,0,0,2
8689,7,0,0,1
8690,5,0,0,3
8691,5,0,0,1
8692,9,0,0,4
8693,9,0,0,4
8694,6,0,0,5
8695,7,0,0,3
8696,3,0,0,4
8697,1,0,0,6
8698,0,0,0,5
8699,6,0,0,6
8700,5,0,0,3
8701,5,0,0,5
8702,3,0,0,4
8703,9,0,0,4
8704,1,0,0,5
8705,5,0,0,6
8706,9,0,0,8
8707,8,0,0,1
8708,3,0,0,5
8709,4,0,0,7
8710,5,0,0,5
8711,9,0,0,0
8712,9,0,0,6
8713,7,0,0,6
8714,5,0,0,5
8715,6,0,0,3
8716,2,0,0,6
8717,1,0,0,1
8718,5,0,0,9
8719,5,0,0,2
8720,5,0,0,4
8721,7,0,0,8
8722,8,0,0,3
8723,3,0,0,3
8724,0,0,0,0
8725,5,0,0,5
8726,7,0,0,6
8727,8,0,0,5
8728,1,0,0,9
8729,9,0,0,6
8730,8,0,0,0
8731,6,0,0,5
8732,8,0,0,0
8733,8,0,0,7
8734,3,0,0,7
8735,7,0,0,5
8736,4,0,0,2
8737,7,0,0,7
8738,4,0,0,5
8739,0,0,0,3
8740,2,0,0,0
8741,2,0,0,0
8742,8,0,0,5
8743,1,0,0,3
8744,9,0,0,3
8745,1,0,0,8
8746,4,0,0,9
8747,8,0,0,0
8748,3,0,0,8
8749,7,0,0,5
8750,2,0,0,3
8751,3,0,0,3
8752,3,0,0,0
8753,4,0,0,7
8754,8,0,0,2
8755,7,0,0,7
8756,4,0,0,1
8757,1,0,0,6
8758,8,0,0,7
8759,7,0,0,6
8760,3,0,0,2
8761,7,0,0,5
8762,7,0,0,6
8763,2,0,0,1
8764,1,0,0,8
8765,1,0,0,4
8766,7,0,0,3
8767,0,0,0,4
8768,9,0,0,8
8769,4,0,0,5
8770,6,0,0,7
8771,7,0,0,6
8772,9,0,0,9
8773,5,0,0,1
8774,4,0,0,3
8775,8,0,0,0
8776,2,0,0,7
8777,3,0,0,6
8778,4,0,0,3
8779,7,0,0,4
8780,8,0,0,5
8781,2,0,0,8
8782,7,0,0,7
8783,8,0,0,5
8784,0,0,0,4
8785,8,0,0,4
8786,5,0,0,7
8787,9,0,0,8
8788,0,0,0,3
8789,8,0,0,3
8790,2,0,0,2
8791,3,0,0,7
8792,2,0,0,7
8793,8,0,0,2
8794,8,0,0,8
8795,7,0,0,7
8796,2,0,0,9
8797,6,0,0,7
8798,9,0,0,8
8799,9,0,0,7
8800,8,0,0,8
8801,1,0,0,0
8802,2,0,0,4
8803,1,0,0,0
8804,8,0,0,9
8805,2,0,0,4
8806,8,0,0,8
8807,1,0,0,9
8808,5,0,0,7
8809,7,0,0,5
8810,5,0,0,2
8811,7,0,0,8
8812,7,0,0,5
8813,5,0,0,0
8814,0,0,0,8
8815,1,0,0,0
8816,2,0,0,2
8817,2,0,0,5
8818,9,0,0,5
8819,7,0,0,2
8820,4,0,0,8
8821,2,0,0,7
8822,7,0,0,4
8823,4,0,0,8
8824,3,0,0,8
8825,4,0,0,7
8826,7,0,0,8
8827,2,0,0,7
8828,9,0,0,1
8829,5,0,0,9
8830,6,0,0,6
8831,0,0,0,2
8832,2,0,0,7
8833,3,0,0,3
8834,5,0,0,3
8835,4,0,0,4
8836,5,0,0,8
8837,3,0,0,7
8838,3,0,0,4
8839,2,0,0,8
8840,3,0,0,3
8841,8,0,0,2
8842,9,0,0,9
8843,1,0,0,4
8844,4,0,0,8
8845,7,0,0,7
8846,3,0,0,5
8847,8,0,0,0
8848,0,0,0,7
8849,7,0,0,1
8850,2,0,0,8
8851,3,0,0,8
8852,0,0,0,9
8853,9,0,0,2
8854,3,0,0,6
8855,0,0,0,4
8856,4,0,0,9
8857,0,0,0,9
8858,9,0,0,7
8859,7,0,0,5
8860,7,0,0,6
8861,5,0,0,3
8862,9,0,0,4
8863,6,0,0,8
8864,4,0,0,3
8865,6,0,0,1
8866,0,0,0,4
8867,0,0,0,4
8868,1,0,0,0
8869,5,0,0,9
8870,3,0,0,0
8871,1,0,0,4
8872,9,0,0,8
8873,9,0,0,6
8874,9,0,0,7
8875,7,0,0,1
8876,0,0,0,3
8877,4,0,0,3
8878,2,0,0,0
8879,6,0,0,8
8880,0,0,0,9
8881,0,0,0,8
8882,9,0,0,6
8883,4,0,0,2
8884,0,0,0,9
8885,1,0,0,1
8886,5,0,0,4
8887,3,0,0,2
8888,1,0,0,7
8889,9,0,0,6
8890,6,0,0,1
8891,1,0,0,5
8892,4,0,0,4
8893,5,0,0,2
8894,9,0,0,0
8895,4,0,0,1
8896,7,0,0,6
8897,0,0,0,3
8898,0,0,0,3
8899,2,0,0,2
8900,3,0,0,1
8901,5,0,0,2
8902,6,0,0,6
8903,8,0,0,9
8904,6,0,0,1
8905,4,0,0,8
8906,6,0,0,7
8907,2,0,0,5
8908,7,0,0,6
8909,2,0,0,0
8910,9,0,0,5
8911,6,0,0,3
8912,3,0,0,1
8913,8,0,0,1
8914,0,0,0,0
8915,3,0,0,6
8916,6,0,0,5
8917,1,0,0,9
8918,0,0,0,7
8919,9,0,0,5
8920,3,0,0,9
8921,6,0,0,8
8922,3,0,0,9
8923,9,0,0,0
8924,9,0,0,8
8925,5,0,0,9
8926,5,0,0,5
8927,2,0,0,4
8928,0,0,0,7
8929,5,0,0,3
8930,4,0,0,9
8931,2,0,0,5
8932,0,0,0,1
8933,0,0,0,1
8934,0,0,0,6
8935,2,0,0,4
8936,8,0,0,2
8937,8,0,0,3
8938,6,0,0,1
8939,7,0,0,7
8940,2,0,0,2
8941,9,0,0,6
8942,7,0,0,9
8943,7,0,0,8
8944,7,0,0,0
8945,5,0,0,3
8946,6,0,0,0
8947,2,0,0,3
8948,0,0,0,9
8949,0,0,0,8
8950,7,0,0,8
8951,6,0,0,7
8952,4,0,0,1
8953,0,0,0,1
8954,1,0,0,3
8955,8,0,0,4
8956,5,0,0,6
8957,7,0,0,7
8958,5,0,0,8
8959,7,0,0,4
8960,9,0,0,8
8961,2,0,0,0
8962,0,0,0,3
8963,3,0,0,9
8964,1,0,0,0
8965,1,0,0,4
8966,2,0,0,4
8967,3,0,0,5
8968,1,0,0,1
8969,8,0,0,3
8970,6,0,0,6
8971,8,0,0,8
8972,1,0,0,7
8973,1,0,0,0
8974,9,0,0,5
8975,3,0,0,4
8976,9,0,0,2
8977,5,0,0,6
8978,8,0,0,3
8979,0,0,0,0
8980,2,0,0,0
8981,8,0,0,9
8982,0,0,0,0
8983,1,0,0,2
8984,5,0,0,2
8985,0,0,0,1
8986,9,0,0,8
8987,0,0,0,1
8988,2,0,0,7
8989,2,0,0,3
8990,3,0,0,6
8991,2,0,0,0
8992,8,0,0,1
8993,7,0,0,2
8994,4,0,0,8
8995,5,0,0,3
8996,4,0,0,5
8997,9,0,0,2
8998,0,0,0,2
8999,5,0,0,3
9000,9,0,0,7
9001,2,0,0,6
9002,0,0,0,5
9003,4,0,0,8
9004,8,0,0,9
9005,2,0,0,1
9006,6,0,0,8
9007,4,0,0,4
9008,2,0,0,4
9009,0,0,0,3
9010,9,0,0,7
9011,8,0,0,3
9012,2,0,0,7
9013,9,0,0,3
9014,7,0,0,6
9015,3,0,0,9
9016,7,0,0,2
9017,4,0,0,9
9018,7,0,0,4
9019,2,0,0,5
9020,6,0,0,9
9021,7,0,0,7
9022,1,0,0,7
9023,9,0,0,1
9024,3,0,0,2
9025,9,0,0,4
9026,9,0,0,8
9027,1,0,0,8
9028,6,0,0,4
9029,5,0,0,4
9030,8,0,0,9
9031,3,0,0,4
9032,8,0,0,5
9033,1,0,0,4
9034,0,0,0,8
9035,8,0,0,7
9036,2,0,0,6
9037,5,0,0,8
9038,8,0,0,1
9039,9,0,0,3
9040,7,0,0,1
9041,9,0,0,5
9042,1,0,0,4
9043,1,0,0,2
9044,1,0,0,5
9045,0,0,0,0
9046,0,0,0,9
9047,5,0,0,2
9048,4,0,0,8
9049,2,0,0,4
9050,2,0,0,5
9051,5,0,0,0
9052,9,0,0,1
9053,6,0,0,0
9054,7,0,0,1
9055,1,0,0,5
9056,0,0,0,6
9057,0,0,0,0
9058,0,0,0,4
9059,6,0,0,4
9060,7,0,0,8
9061,5,0,0,2
9062,5,0,0,7
9063,3,0,0,4
9064,0,0,0,1
9065,2,0,0,1
9066,6,0,0,8
9067,6,0,0,0
9068,0,0,0,0
9069,7,0,0,3
9070,3,0,0,2
9071,6,0,0,7
9072,9,0,0,4
9073,2,0,0,4
9074,9,0,0,6
9075,0,0,0,9
9076,3,0,0,1
9077,9,0,0,1
9078,6,0,0,2
9079,7,0,0,0
9080,0,0,0,5
9081,4,0,0,6
9082,1,0,0,6
9083,6,0,0,4
9084,3,0,0,9
9085,6,0,0,7
9086,0,0,0,3
9087,3,0,0,2
9088,4,0,0,8
9089,5,0,0,2
9090,7,0,0,4
9091,9,0,0,2
9092,8,0,0,9
9093,6,0,0,4
9094,8,0,0,1
9095,4,0,0,7
9096,6,0,0,5
9097,3,0,0,8
9098,7,0,0,2
9099,7,0,0,5
9100,0,0,0,6
9101,1,0,0,6
9102,6,0,0,0
9103,6,0,0,4
9104,9,0,0,5
9105,2,0,0,3
9106,7,0,0,2
9107,1,0,0,6
9108,7,0,0,6
9109,0,0,0,0
9110,0,0,0,9
9111,9,0,0,9
9112,1,0,0,9
9113,5,0,0,4
9114,2,0,0,0
9115,4,0,0,3
9116,6,0,0,5
9117,6,0,0,3
9118,7,0,0,6
9119,0,0,0,7
9120,7,0,0,2
9121,6,0,0,9
9122,1,0,0,0
9123,0,0,0,0
9124,7,0,0,2
9125,1,0,0,0
9126,2,0,0,7
9127,9,0,0,6
9128,3,0,0,1
9129,5,0,0,8
9130,7,0,0,6
9131,7,0,0,8
9132,3,0,0,5
9133,7,0,0,9
9134,0,0,0,7
9135,2,0,0,4
9136,6,0,0,3
9137,2,0,0,2
9138,4,0,0,0
9139,9,0,0,9
9140,7,0,0,2
9141,4,0,0,9
9142,5,0,0,2
9143,4,0,0,6
9144,4,0,0,4
9145,3,0,0,2
9146,4,0,0,7
9147,2,0,0,6
9148,2,0,0,3
9149,9,0,0,8
9150,3,0,0,3
9151,1,0,0,0
9152,6,0,0,2
9153,7,0,0,3
9154,7,0,0,5
9155,9,0,0,3
9156,6,0,0,4
9157,0,0,0,4
9158,6,0,0,0
9159,3,0,0,2
9160,9,0,0,0
9161,0,0,0,5
9162,3,0,0,5
9163,1,0,0,3
9164,0,0,0,5
9165,8,0,0,2
9166,3,0,0,3
9167,6,0,0,7
9168,4,0,0,5
9169,7,0,0,1
9170,7,0,0,7
9171,3,0,0,3
9172,2,0,0,7
9173,8,0,0,4
9174,8,0,0,8
9175,0,0,0,5
9176,5,0,0,7
9177,6,0,0,5
9178,2,0,0,4
9179,8,0,0,3
9180,6,0,0,1
9181,6,0,0,5
9182,4,0,0,4
9183,7,0,0,8
9184,6,0,0,1
9185,9,0,0,4
9186,1,0,0,9
9187,8,0,0,7
9188,7,0,0,7
9189,4,0,0,8
9190,5,0,0,1
9191,9,0,0,5
9192,1,0,0,9
9193,8,0,0,3
9194,1,0,0,0
9195,2,0,0,5
9196,6,0,0,8
9197,3,0,0,7
9198,3,0,0,7
9199,7,0,0,7
9200,8,0,0,1
9201,8,0,0,5
9202,6,0,0,9
9203,5,0,0,9
9204,1,0,0,8
9205,1,0,0,1
9206,6,0,0,9
9207,7,0,0,9
9208,2,0,0,0
9209,5,0,0,9
9210,0,0,0,3
9211,2,0,0,5
9212,9,0,0,8
9213,2,0,0,8
9214,7,0,0,4
9215,6,0,0,8
9216,6,0,0,3
9217,8,0,0,1
9218,5,0,0,2
9219,8,0,0,6
9220,9,0,0,2
9221,6,0,0,0
9222,2,0,0,4
9223,8,0,0,5
9224,0,0,0,8
9225,4,0,0,8
9226,8,0,0,9
9227,2,0,0,2
9228,0,0,0,1
9229,1,0,0,1
9230,4,0,0,2
9231,0,0,0,5
9232,7,0,0,7
9233,0,0,0,7
9234,1,0,0,8
9235,1,0,0,8
9236,2,0,0,4
9237,7,0,0,1
9238,3,0,0,0
9239,9,0,0,5
9240,2,0,0,5
9241,1,0,0,8
9242,9,0,0,2
9243,3,0,0,5
9244,4,0,0,0
9245,1,0,0,3
9246,5,0,0,8
9247,9,0,0,7
9248,6,0,0,8
9249,5,0,0,7
9250,0,0,0,6
9251,4,0,0,3
9252,1,0,0,7
9253,8,0,0,1
9254,3,0,0,0
9255,9,0,0,6
9256,3,0,0,5
9257,4,0,0,8
9258,2,0,0,8
9259,9,0,0,4
9260,5,0,0,2
9261,5,0,0,2
9262,2,0,0,9
9263,1,0,0,2
9264,2,0,0,5
9265,8,0,0,9
9266,2,0,0,3
9267,7,0,0,3
9268,5,0,0,6
9269,6,0,0,5
9270,5,0,0,1
9271,0,0,0,5
9272,1,0,0,7
9273,0,0,0,8
9274,5,0,0,6
9275,4,0,0,2
9276,6,0,0,6
9277,2,0,0,2
9278,2,0,0,7
9279,5,0,0,9
9280,5,0,0,0
9281,1,0,0,6
9282,2,0,0,3
9283,7,0,0,1
9284,9,0,0,1
9285,0,0,0,2
9286,2,0,0,6
9287,8,0,0,8
9288,5,0,0,8
9289,0,0,0,5
9290,2,0,0,3
9291,4,0,0,1
9292,1,0,0,3
9293,6,0,0,2
9294,6,0,0,7
9295,1,0,0,9
9296,8,0,0,7
9297,0,0,0,9
9298,0,0,0,5
9299,7,0,0,2
9300,5,0,0,9
9301,5,0,0,7
9302,7,0,0,4
9303,8,0,0,2
9304,4,0,0,6
9305,4,0,0,8
9306,4,0,0,9
9307,7,0,0,3
9308,4,0,0,0
9309,1,0,0,6
9310,4,0,0,3
9311,2,0,0,0
9312,5,0,0,6
9313,6,0,0,2
9314,9,0,0,2
9315,6,0,0,2
9316,0,0,0,0
9317,4,0,0,4
9318,7,0,0,5
9319,9,0,0,8
9320,5,0,0,0
9321,0,0,0,3
9322,3,0,0,0
9323,4,0,0,8
9324,0,0,0,7
9325,3,0,0,8
9326,5,0,0,9
9327,7,0,0,6
9328,3,0,0,2
9329,7,0,0,3
9330,1,0,0,3
9331,4,0,0,0
9332,8,0,0,1
9333,5,0,0,8
9334,1,0,0,8
9335,5,0,0,3
9336,1,0,0,9
9337,6,0,0,7
9338,4,0,0,9
9339,9,0,0,7
9340,5,0,0,2
9341,0,0,0,6
9342,7,0,0,9
9343,5,0,0,4
9344,7,0,0,7
9345,8,0,0,7
9346,2,0,0,6
9347,1,0,0,9
9348,1,0,0,2
9349,8,0,0,0
9350,9,0,0,9
9351,9,0,0,4
9352,0,0,0,0
9353,6,0,0,5
9354,2,0,0,6
9355,8,0,0,9
9356,9,0,0,3
9357,3,0,0,9
9358,2,0,0,6
9359,2,0,0,0
9360,8,0,0,5
9361,6,0,0,8
9362,2,0,0,3
9363,3,0,0,8
9364,7,0,0,6
9365,3,0,0,5
9366,7,0,0,1
9367,5,0,0,5
9368,4,0,0,1
9369,6,0,0,8
9370,9,0,0,4
9371,8,0,0,3
9372,4,0,0,8
9373,9,0,0,8
9374,6,0,0,4
9375,2,0,0,3
9376,1,0,0,0
9377,0,0,0,1
9378,3,0,0,6
9379,8,0,0,1
9380,4,0,0,9
9381,5,0,0,6
9382,8,0,0,7
9383,4,0,0,3
9384,2,0,0,5
9385,3,0,0,5
9386,9,0,0,2
9387,9,0,0,9
9388,5,0,0,1
9389,2,0,0,4
9390,4,0,0,1
9391,0,0,0,4
9392,8,0,0,0
9393,8,0,0,3
9394,5,0,0,2
9395,1,0,0,8
9396,8,0,0,8
9397,5,0,0,4
9398,6,0,0,2
9399,7,0,0,3
9400,5,0,0,7
9401,3,0,0,3
9402,5,0,0,5
9403,3,0,0,4
9404,5,0,0,3
9405,1,0,0,5
9406,1,0,0,1
9407,7,0,0,1
9408,3,0,0,5
9409,1,0,0,0
9410,7,0,0,1
9411,3,0,0,7
9412,6,0,0,7
9413,6,0,0,8
9414,5,0,0,5
9415,6,0,0,9
9416,1,0,0,6
9417,3,0,0,0
9418,0,0,0,6
9419,2,0,0,1
9420,7,0,0,4
9421,7,0,0,6
9422,7,0,0,2
9423,7,0,0,7
9424,4,0,0,2
9425,2,0,0,1
9426,4,0,0,4
9427,3,0,0,0
9428,6,0,0,2
9429,7,0,0,5
9430,7,0,0,8
9431,7,0,0,7
9432,2,0,0,9
9433,1,0,0,2
9434,9,0,0,8
9435,0,0,0,6
9436,8,0,0,8
9437,6,0,0,8
9438,4,0,0,8
9439,4,0,0,6
9440,7,0,0,2
9441,9,0,0,3
9442,3,0,0,0
9443,2,0,0,0
9444,0,0,0,9
9445,4,0,0,3
9446,3,0,0,3
9447,0,0,0,5
9448,1,0,0,6
9449,2,0,0,8
9450,5,0,0,3
9451,8,0,0,0
9452,4,0,0,1
9453,7,0,0,4
9454,8,0,0,1
9455,0,0,0,7
9456,0,0,0,4
9457,1,0,0,1
9458,3,0,0,5
9459,4,0,0,9
9460,9,0,0,1
9461,0,0,0,0
9462,4,0,0,8
9463,0,0,0,0
9464,4,0,0,0
9465,8,0,0,4
9466,3,0,0,1
9467,6,0,0,2
9468,5,0,0,9
9469,2,0,0,5
9470,6,0,0,4
9471,5,0,0,5
9472,6,0,0,3
9473,8,0,0,5
9474,1,0,0,9
9475,1,0,0,5
9476,3,0,0,3
9477,7,0,0,9
9478,9,0,0,1
9479,3,0,0,1
9480,0,0,0,7
9481,5,0,0,1
9482,8,0,0,0
9483,6,0,0,5
9484,0,0,0,5
9485,8,0,0,5
9486,9,0,0,6
9487,0,0,0,0
9488,9,0,0,5
9489,3,0,0,7
9490,8,0,0,4
9491,0,0,0,7
9492,8,0,0,9
9493,8,0,0,8
9494,9,0,0,8
9495,2,0,0,8
9496,1,0,0,5
9497,4,0,0,8
9498,6,0,0,4
9499,6,0,0,5
9500,2,0,0,6
9501,9,0,0,6
9502,7,0,0,1
9503,8,0,0,9
9504,0,0,0,9
9505,1,0,0,9
9506,7,0,0,1
9507,2,0,0,3
9508,1,0,0,0
9509,5,0,0,2
9510,2,0,0,7
9511,8,0,0,6
9512,9,0,0,8
9513,7,0,0,8
9514,3,0,0,5
9515,8,0,0,7
9516,6,0,0,0
9517,2,0,0,4
9518,9,0,0,9
9519,9,0,0,3
9520,9,0,0,1
9521,2,0,0,4
9522,4,0,0,2
9523,3,0,0,5
9524,3,0,0,9
9525,0,0,0,5
9526,0,0,0,4
9527,9,0,0,1
9528,7,0,0,9
9529,6,0,0,7
9530,5,0,0,9
9531,1,0,0,0
9532,5,0,0,0
9533,6,0,0,2
9534,2,0,0,3
9535,1,0,0,3
9536,5,0,0,7
9537,8,0,0,3
9538,6,0,0,5
9539,0,0,0,0
9540,1,0,0,6
9541,6,0,0,6
9542,1,0,0,9
9543,1,0,0,2
9544,5,0,0,0
9545,0,0,0,4
9546,7,0,0,7
9547,1,0,0,4
9548,4,0,0,3
9549,8,0,0,9
9550,8,0,0,6
9551,4,0,0,1
9552,7,0,0,0
9553,2,0,0,2
9554,4,0,0,3
9555,1,0,0,1
9556,1,0,0,6
9557,0,0,0,8
9558,1,0,0,8
9559,4,0,0,8
9560,4,0,0,3
9561,2,0,0,3
9562,3,0,0,9
9563,2,0,0,7
9564,2,0,0,9
9565,5,0,0,9
9566,3,0,0,7
9567,4,0,0,7
9568,8,0,0,1
9569,4,0,0,7
9570,4,0,0,9
9571,2,0,0,0
9572,1,0,0,4
9573,7,0,0,6
9574,6,0,0,7
9575,8,0,0,6
9576,3,0,0,4
9577,6,0,0,9
9578,6,0,0,6
9579,3,0,0,6
9580,2,0,0,9
9581,3,0,0,2
9582,9,0,0,9
9583,2,0,0,0
9584,5,0,0,5
9585,4,0,0,4
9586,8,0,0,1
9587,1,0,0,0
9588,4,0,0,5
9589,5,0,0,4
9590,2,0,0,1
9591,6,0,0,2
9592,3,0,0,2
9593,8,0,0,0
9594,6,0,0,8
9595,4,0,0,7
9596,0,0,0,5
9597,9,0,0,9
9598,3,0,0,0
9599,2,0,0,9
9600,3,0,0,6
9601,5,0,0,9
9602,5,0,0,3
9603,9,0,0,2
9604,5,0,0,0
9605,7,0,0,3
9606,6,0,0,9
9607,2,0,0,4
9608,7,0,0,4
9609,7,0,0,3
9610,2,0,0,3
9611,8,0,0,2
9612,5,0,0,6
9613,9,0,0,8
9614,3,0,0,1
9615,9,0,0,0
9616,3,0,0,1
9617,9,0,0,4
9618,5,0,0,3
9619,7,0,0,2
9620,9,0,0,9
9621,2,0,0,6
9622,9,0,0,8
9623,5,0,0,9
9624,2,0,0,2
9625,0,0,0,0
9626,9,0,0,1
9627,4,0,0,3
9628,9,0,0,6
9629,0,0,0,8
9630,9,0,0,9
9631,3,0,0,8
9632,1,0,0,1
9633,1,0,0,1
9634,0,0,0,5
9635,9,0,0,6
9636,3,0,0,6
9637,9,0,0,6
9638,5,0,0,2
9639,6,0,0,6
9640,6,0,0,6
9641,9,0,0,2
9642,2,0,0,6
9643,2,0,0,1
9644,5,0,0,9
9645,5,0,0,5
9646,1,0,0,6
9647,0,0,0,1
9648,6,0,0,9
9649,3,0,0,7
9650,9,0,0,9
9651,3,0,0,7
9652,6,0,0,6
9653,5,0,0,0
9654,2,0,0,2
9655,0,0,0,2
9656,9,0,0,8
9657,0,0,0,9
9658,3,0,0,0
9659,6,0,0,7
9660,9,0,0,5
9661,2,0,0,4
9662,5,0,0,9
9663,0,0,0,1
9664,5,0,0,4
9665,6,0,0,0
9666,0,0,0,2
9667,8,0,0,2
9668,0,0,0,2
9669,3,0,0,7
9670,1,0,0,7
9671,1,0,0,4
9672,6,0,0,2
9673,0,0,0,4
9674,3,0,0,1
9675,1,0,0,9
9676,4,0,0,5
9677,6,0,0,2
9678,7,0,0,5
9679,4,0,0,5
9680,4,0,0,2
9681,7,0,0,2
9682,8,0,0,0
9683,7,0,0,8
9684,3,0,0,5
9685,3,0,0,4
9686,7,0,0,4
9687,4,0,0,7
9688,2,0,0,9
9689,0,0,0,7
9690,2,0,0,7
9691,7,0,0,9
9692,3,0,0,1
9693,8,0,0,5
9694,8,0,0,4
9695,5,0,0,7
9696,0,0,0,5
9697,7,0,0,4
9698,7,0,0,0
9699,7,0,0,4
9700,7,0,0,0
9701,6,0,0,0
9702,0,0,0,0
9703,8,0,0,9
9704,5,0,0,2
9705,9,0,0,9
9706,9,0,0,3
9707,1,0,0,0
9708,7,0,0,5
9709,8,0,0,1
9710,7,0,0,6
9711,8,0,0,1
9712,9,0,0,0
9713,9,0,0,9
9714,8,0,0,5
9715,4,0,0,7
9716,5,0,0,3
9717,1,0,0,7
9718,7,0,0,6
9719,9,0,0,9
9720,5,0,0,7
9721,4,0,0,2
9722,0,0,0,8
9723,8,0,0,8
9724,4,0,0,4
9725,6,0,0,6
9726,5,0,0,2
9727,1,0,0,8
9728,0,0,0,1
9729,2,0,0,2
9730,3,0,0,3
9731,5,0,0,7
9732,8,0,0,0
9733,9,0,0,7
9734,0,0,0,1
9735,8,0,0,3
9736,3,0,0,2
9737,3,0,0,9
9738,7,0,0,3
9739,7,0,0,2
9740,4,0,0,6
9741,5,0,0,3
9742,1,0,0,4
9743,9,0,0,4
9744,0,0,0,1
9745,2,0,0,7
9746,2,0,0,4
9747,7,0,0,8
9748,0,0,0,6
9749,9,0,0,0
9750,5,0,0,8
9751,0,0,0,3
9752,2,0,0,3
9753,5,0,0,1
9754,5,0,0,7
9755,3,0,0,1
9756,2,0,0,9
9757,3,0,0,9
9758,2,0,0,0
9759,4,0,0,0
9760,5,0,0,6
9761,6,0,0,3
9762,7,0,0,5
9763,4,0,0,0
9764,3,0,0,1
9765,0,0,0,4
9766,3,0,0,1
9767,0,0,0,0
9768,9,0,0,0
9769,8,0,0,9
9770,2,0,0,0
9771,2,0,0,0
9772,2,0,0,6
9773,6,0,0,5
9774,4,0,0,8
9775,1,0,0,7
9776,2,0,0,8
9777,2,0,0,7
9778,8,0,0,9
9779,6,0,0,3
9780,9,0,0,4
9781,8,0,0,2
9782,1,0,0,6
9783,4,0,0,2
9784,1,0,0,3
9785,6,0,0,7
9786,1,0,0,6
9787,4,0,0,0
9788,3,0,0,9
9789,9,0,0,0
9790,5,0,0,2
9791,4,0,0,2
9792,2,0,0,0
9793,4,0,0,0
9794,1,0,0,7
9795,4,0,0,2
9796,1,0,0,8
9797,1,0,0,8
9798,7,0,0,0
9799,3,0,0,7
9800,0,0,0,7
9801,6,0,0,2
9802,2,0,0,2
9803,3,0,0,1
9804,0,0,0,3
9805,1,0,0,2
9806,9,0,0,7
9807,9,0,0,9
9808,2,0,0,9
9809,8,0,0,7
9810,1,0,0,1
9811,1,0,0,0
9812,7,0,0,4
9813,4,0,0,9
9814,3,0,0,0
9815,0,0,0,6
9816,8,0,0,3
9817,3,0,0,7
9818,8,0,0,2
9819,0,0,0,1
9820,7,0,0,8
9821,1,0,0,4
9822,2,0,0,5
9823,1,0,0,3
9824,3,0,0,2
9825,9,0,0,1
9826,9,0,0,1
9827,8,0,0,1
9828,4,0,0,5
9829,8,0,0,4
9830,2,0,0,3
9831,4,0,0,3
9832,2,0,0,9
9833,3,0,0,9
9834,6,0,0,1
9835,1,0,0,2
9836,2,0,0,7
9837,3,0,0,5
9838,1,0,0,0
9839,1,0,0,5
9840,1,0,0,9
9841,8,0,0,1
9842,4,0,0,3
9843,9,0,0,4
9844,9,0,0,6
9845,4,0,0,3
9846,3,0,0,6
9847,3,0,0,8
9848,2,0,0,1
9849,7,0,0,6
9850,6,0,0,6
9851,5,0,0,0
9852,2,0,0,4
9853,7,0,0,6
9854,5,0,0,3
9855,2,0,0,0
9856,2,0,0,1
9857,1,0,0,5
9858,7,0,0,2
9859,4,0,0,9
9860,2,0,0,1
9861,3,0,0,2
9862,2,0,0,2
9863,3,0,0,9
9864,6,0,0,4
9865,6,0,0,2
9866,2,0,0,3
9867,3,0,0,4
9868,0,0,0,7
9869,0,0,0,3
9870,1,0,0,1
9871,0,0,0,3
9872,9,0,0,9
9873,6,0,0,2
9874,6,0,0,9
9875,4,0,0,3
9876,6,0,0,3
9877,0,0,0,4
9878,5,0,0,6
9879,5,0,0,4
9880,6,0,0,2
9881,2,0,0,3
9882,3,0,0,5
9883,7,0,0,8
9884,3,0,0,8
9885,5,0,0,3
9886,8,0,0,2
9887,4,0,0,9
9888,8,0,0,4
9889,4,0,0,4
9890,6,0,0,4
9891,7,0,0,2
9892,5,0,0,0
9893,1,0,0,9
9894,5,0,0,0
9895,4,0,0,9
9896,5,0,0,2
9897,0,0,0,7
9898,6,0,0,3
9899,1,0,0,4
9900,1,0,0,0
9901,6,0,0,9
9902,5,0,0,8
9903,7,0,0,4
9904,6,0,0,6
9905,8,0,0,6
9906,1,0,0,9
9907,6,0,0,4
9908,0,0,0,6
9909,5,0,0,4
9910,8,0,0,7
9911,9,0,0,7
9912,8,0,0,7
9913,2,0,0,6
9914,6,0,0,1
9915,8,0,0,5
9916,4,0,0,1
9917,3,0,0,8
9918,9,0,0,7
9919,7,0,0,5
9920,1,0,0,9
9921,9,0,0,0
9922,7,0,0,5
9923,9,0,0,4
9924,6,0,0,8
9925,3,0,0,1
9926,5,0,0,7
9927,4,0,0,5
9928,0,0,0,8
9929,6,0,0,3
9930,3,0,0,7
9931,6,0,0,9
9932,6,0,0,3
9933,3,0,0,8
9934,8,0,0,7
9935,4,0,0,4
9936,0,0,0,8
9937,8,0,0,8
9938,7,0,0,6
9939,1,0,0,1
9940,7,0,0,5
9941,9,0,0,1
9942,5,0,0,3
9943,1,0,0,6
9944,8,0,0,6
9945,7,0,0,0
9946,7,0,0,4
9947,9,0,0,5
9948,8,0,0,1
9949,8,0,0,3
9950,1,0,0,0
9951,1,0,0,8
9952,2,0,0,6
9953,2,0,0,7
9954,5,0,0,6
9955,3,0,0,4
9956,6,0,0,1
9957,9,0,0,2
9958,6,0,0,1
9959,5,0,0,4
9960,8,0,0,2
9961,1,0,0,0
9962,3,0,0,3
9963,7,0,0,6
9964,3,0,0,8
9965,0,0,0,2
9966,0,0,0,9
9967,4,0,0,8
9968,5,0,0,8
9969,2,0,0,6
9970,7,0,0,3
9971,6,0,0,4
9972,9,0,0,4
9973,5,0,0,3
9974,6,0,0,4
9975,4,0,0,2
9976,8,0,0,2
9977,3,0,0,6
9978,8,0,0,3
9979,5,0,0,7
9980,0,0,0,4
9981,0,0,0,5
9982,0,0,0,4
9983,2,0,0,5
9984,5,0,0,6
9985,0,0,0,4
9986,0,0,0,3
9987,7,0,0,6
9988,2,0,0,8
9989,0,0,0,7
9990,3,0,0,8
9991,8,0,0,3
9992,0,0,0,7
9993,9,0,0,7
9994,1,0,0,6
9995,4,0,0,3
9996,0,0,0,6
9997,2,0,0,7
9998,6,0,0,1
9999,308,0,0,403
10000,8,1,2,5
